Molecule_ID,Source_Molecule_ID,SMILES,Molecule_class,R1_SMILES,R2_SMILES,R3_SMILES,R4_SMILES,Train_test_split,"Standardized Experimental_kH (25¡æ, H2O) (L mole-1 s-1)","Standardized Experimental_log_kH (25¡æ, H2O)",Experimental_kH before standardization (L mole-1 s-1),,Reference,DOI
EXP0001,mol_0001,CCOC(C)OCC,acetal,CCC,CCC,CC,C,train,3.80193,0.58000412,0.248,"25¡æ, H2O/dioxane(50:50)",The Evaluation of Inductive and Resonance Effects on Reactivity. I. Hydrolysis Rates of Acetals of Non-conjugated Aldehydes and Ketonesl,10.1021/ja01626a040
EXP0002,mol_0002,CCOC(OCC)C(C)C,acetal,CCC,CCC,CC(C)C,C,train,2.51418,0.40039637,0.164,"25¡æ, H2O/dioxane(50:50)",The Evaluation of Inductive and Resonance Effects on Reactivity. I. Hydrolysis Rates of Acetals of Non-conjugated Aldehydes and Ketonesl,10.1021/ja01626a040
EXP0003,mol_0003,CCOC(OCC)C(C)(C)C,acetal,CCC,CCC,CC(C)(C)C,C,train,2.88211,0.45971055,0.188,"25¡æ, H2O/dioxane(50:50)",The Evaluation of Inductive and Resonance Effects on Reactivity. I. Hydrolysis Rates of Acetals of Non-conjugated Aldehydes and Ketonesl,10.1021/ja01626a040
EXP0004,mol_0004,CCOC(CC(C)C)OCC,acetal,CCC,CCC,CCC(C)C,C,train,2.56017,0.4082688,0.167,"25¡æ, H2O/dioxane(50:50)",The Evaluation of Inductive and Resonance Effects on Reactivity. I. Hydrolysis Rates of Acetals of Non-conjugated Aldehydes and Ketonesl,10.1021/ja01626a040
EXP0005,mol_0005,CCOC(CO)OCC,acetal,CCC,CCC,CCO,C,train,0.01298,-1.88672531,0.000847,"25¡æ, H2O/dioxane(50:50)",The Evaluation of Inductive and Resonance Effects on Reactivity. I. Hydrolysis Rates of Acetals of Non-conjugated Aldehydes and Ketonesl,10.1021/ja01626a040
EXP0006,mol_0006,CCOC(CC)OCC,acetal,CCC,CCC,CCC,C,train,4.09321,0.61206403,0.267,"25¡æ, H2O/dioxane(50:50)",The Evaluation of Inductive and Resonance Effects on Reactivity. I. Hydrolysis Rates of Acetals of Non-conjugated Aldehydes and Ketonesl,10.1021/ja01626a040
EXP0007,mol_0007,CCOC(Cc1ccccc1)OCC,acetal,CCC,CCC,CCc1ccccc1,C,train,0.13337,-0.87494185,0.0087,"25¡æ, H2O/dioxane(50:50)",The Evaluation of Inductive and Resonance Effects on Reactivity. I. Hydrolysis Rates of Acetals of Non-conjugated Aldehydes and Ketonesl,10.1021/ja01626a040
EXP0008,mol_0008,CCOC(CCl)OCC,acetal,CCC,CCC,CCCl,C,train,0.000157903,-3.80160962,1.03e-5,"25¡æ, H2O/dioxane(50:50)",The Evaluation of Inductive and Resonance Effects on Reactivity. I. Hydrolysis Rates of Acetals of Non-conjugated Aldehydes and Ketonesl,10.1021/ja01626a040
EXP0009,mol_0009,CCOC(OCC)C(CC)CC,acetal,CCC,CCC,CCC(C)CC,C,test,4.78308,0.67970764,0.312,"25¡æ, H2O/dioxane(50:50)",The Evaluation of Inductive and Resonance Effects on Reactivity. I. Hydrolysis Rates of Acetals of Non-conjugated Aldehydes and Ketonesl,10.1021/ja01626a040
EXP0010,mol_0010,CCOC(CCc1ccccc1)OCC,acetal,CCC,CCC,CCCc1ccccc1,C,train,0.44151,-0.35505946,0.0288,"25¡æ, H2O/dioxane(50:50)",The Evaluation of Inductive and Resonance Effects on Reactivity. I. Hydrolysis Rates of Acetals of Non-conjugated Aldehydes and Ketonesl,10.1021/ja01626a040
EXP0011,mol_0011,CCOCOCC,acetal,CCC,CCC,C,C,train,0.000633144,-3.1984975,4.13e-5,"25¡æ, H2O/dioxane(50:50)",The Evaluation of Inductive and Resonance Effects on Reactivity. I. Hydrolysis Rates of Acetals of Non-conjugated Aldehydes and Ketonesl,10.1021/ja01626a040
EXP0012,mol_0012,CCOC(C)(C)OCC,ketal,CCC,CCC,CC,CC,train,11528.44,4.06177046,752,"25¡æ, H2O/dioxane(50:50)",The Evaluation of Inductive and Resonance Effects on Reactivity. I. Hydrolysis Rates of Acetals of Non-conjugated Aldehydes and Ketonesl,10.1021/ja01626a040
EXP0013,mol_0013,CCOC(C)(CC(C)(C)C)OCC,ketal,CCC,CCC,CCC(C)(C)C,CC,test,141039.4,5.14934045,9200,"25¡æ, H2O/dioxane(50:50)",The Evaluation of Inductive and Resonance Effects on Reactivity. I. Hydrolysis Rates of Acetals of Non-conjugated Aldehydes and Ketonesl,10.1021/ja01626a040
EXP0014,mol_0014,CCOC(C)(CC)OCC,ketal,CCC,CCC,CCC,CC,train,11037.87,4.04288512,720,"25¡æ, H2O/dioxane(50:50)",The Evaluation of Inductive and Resonance Effects on Reactivity. I. Hydrolysis Rates of Acetals of Non-conjugated Aldehydes and Ketonesl,10.1021/ja01626a040
EXP0015,mol_0015,CCOC(C=Cc1ccccc1)OCC,acetal,CCC,CCC,CC=Cc1ccccc1,C,test,2330.216,3.36739621,152,"25¡æ, H2O/dioxane(50:50)",The Evaluation of Inductive and Resonance Effects on Reactivity. I. Hydrolysis Rates of Acetals of Non-conjugated Aldehydes and Ketonesl,10.1021/ja01626a040
EXP0016,mol_0016,CCOC(C)(CCl)OCC,ketal,CCC,CCC,CCCl,CC,train,1.31841,0.12005049,0.086,"25¡æ, H2O/dioxane(50:50)",The Evaluation of Inductive and Resonance Effects on Reactivity. I. Hydrolysis Rates of Acetals of Non-conjugated Aldehydes and Ketonesl,10.1021/ja01626a040
EXP0017,mol_0017,CCOCC(OCC)OCC,acetal,CCC,CCC,CCOCC,C,train,0.01321,-1.87909718,0.000862,"25¡æ, H2O/dioxane(50:50)",The Evaluation of Inductive and Resonance Effects on Reactivity. I. Hydrolysis Rates of Acetals of Non-conjugated Aldehydes and Ketonesl,10.1021/ja01626a040
EXP0018,mol_0018,CCOC(C)(Cc1ccccc1)OCC,ketal,CCC,CCC,CCc1ccccc1,CC,train,1295.416,3.11240933,84.5,"25¡æ, H2O/dioxane(50:50)",The Evaluation of Inductive and Resonance Effects on Reactivity. I. Hydrolysis Rates of Acetals of Non-conjugated Aldehydes and Ketonesl,10.1021/ja01626a040
EXP0019,mol_0019,CCOC(C)(COc1ccccc1)OCC,ketal,CCC,CCC,CCOc1ccccc1,CC,test,5.36563,0.72962072,0.35,"25¡æ, H2O/dioxane(50:50)",The Evaluation of Inductive and Resonance Effects on Reactivity. I. Hydrolysis Rates of Acetals of Non-conjugated Aldehydes and Ketonesl,10.1021/ja01626a040
EXP0020,mol_0020,CCOC(C)(CO)OCC,ketal,CCC,CCC,CCO,CC,train,177.8323,2.25001062,11.6,"25¡æ, H2O/dioxane(50:50)",The Evaluation of Inductive and Resonance Effects on Reactivity. I. Hydrolysis Rates of Acetals of Non-conjugated Aldehydes and Ketonesl,10.1021/ja01626a040
EXP0021,mol_0021,CCOC(C)(COC(C)=O)OCC,ketal,CCC,CCC,CCOC(C)=O,CC,train,3.49532,0.54348694,0.228,"25¡æ, H2O/dioxane(50:50)",The Evaluation of Inductive and Resonance Effects on Reactivity. I. Hydrolysis Rates of Acetals of Non-conjugated Aldehydes and Ketonesl,10.1021/ja01626a040
EXP0022,mol_0022,CCOC(C)(CBr)OCC,ketal,CCC,CCC,CCBr,CC,test,2.11559,0.32543151,0.138,"25¡æ, H2O/dioxane(50:50)",The Evaluation of Inductive and Resonance Effects on Reactivity. I. Hydrolysis Rates of Acetals of Non-conjugated Aldehydes and Ketonesl,10.1021/ja01626a040
EXP0023,mol_0023,CCOC(OCC)c1ccccc1,acetal,CCC,CCC,Cc1ccccc1,C,train,108.3857,2.03497203,7.07,"25¡æ, H2O/dioxane(50:50)",The Evaluation of Inductive and Resonance Effects on Reactivity. I. Hydrolysis Rates of Acetals of Non-conjugated Aldehydes and Ketonesl,10.1021/ja01626a040
EXP0024,mol_0024,CC=CC(OCC)OCC,acetal,CCC,CCC,CC=CC,C,train,4568.45,3.65976889,298,"25¡æ, H2O/dioxane(50:50)",The Evaluation of Inductive and Resonance Effects on Reactivity. I. Hydrolysis Rates of Acetals of Non-conjugated Aldehydes and Ketonesl,10.1021/ja01626a040
EXP0025,mol_0025,COC(C)OC,acetal,CC,CC,CC,C,test,0.25885,-0.58695183,0.42333333,"30¡æ, H2O",Chemical Reactivity and Safener Activity of Acetal Compounds,10.1515/znc-1991-9-1015
EXP0026,mol_0026,COC(CCl)OC,acetal,CC,CC,CCCl,C,train,8.63183e-08,-7.06389712,1.41167E-7,"30¡æ, H2O",Chemical Reactivity and Safener Activity of Acetal Compounds,10.1515/znc-1991-9-1015
EXP0027,mol_0027,COC(OC)c1ccccc1,acetal,CC,CC,Cc1ccccc1,C,train,49.9362,1.69841549,81.66667,"30¡æ, H2O",Chemical Reactivity and Safener Activity of Acetal Compounds,10.1515/znc-1991-9-1015
EXP0028,mol_0028,COC(C)(C)OC,ketal,CC,CC,CC,CC,test,1009.934,3.0042931,1651.666667,"30¡æ, H2O",Chemical Reactivity and Safener Activity of Acetal Compounds,10.1515/znc-1991-9-1015
EXP0029,mol_0029,COC(C)(CCl)OC,ketal,CC,CC,CCCl,CC,train,4.58598e-05,-4.33856784,7.5e-5,"30¡æ, H2O",Chemical Reactivity and Safener Activity of Acetal Compounds,10.1515/znc-1991-9-1015
EXP0030,mol_0030,COC(C)(OC)c1ccccc1,ketal,CC,CC,Cc1ccccc1,CC,train,1599.997,3.2041191,2616.666667,"30¡æ, H2O",Chemical Reactivity and Safener Activity of Acetal Compounds,10.1515/znc-1991-9-1015
EXP0031,mol_0031,CCOC(C)(OCC)c1ccccc1,ketal,CCC,CCC,Cc1ccccc1,CC,train,3719.738,3.57051231,6083.333333,"30¡æ, H2O",Chemical Reactivity and Safener Activity of Acetal Compounds,10.1515/znc-1991-9-1015
EXP0032,mol_0032,CCOC(OCC)c1ccc(OC)cc1,acetal,CCC,CCC,COc1ccc(C)cc1,C,test,4375.593,3.64103692,486.666667,"30¡æ, H2O/dioxane(50:50)",Substituent Effects in Acetal Hydrolysis,10.1021/jo01016a036
EXP0033,mol_0033,CCOC(OCC)c1ccc(C)cc1,acetal,CCC,CCC,Cc1ccc(C)cc1,C,train,589.9559,2.77081951,65.61666667,"30¡æ, H2O/dioxane(50:50)",Substituent Effects in Acetal Hydrolysis,10.1021/jo01016a036
EXP0034,mol_0034,CCOC(OCC)c1ccc(Cl)cc1,acetal,CCC,CCC,Cc1ccc(Cl)cc1,C,train,27.16756,1.43405063,3.02166667,"30¡æ, H2O/dioxane(50:50)",Substituent Effects in Acetal Hydrolysis,10.1021/jo01016a036
EXP0035,mol_0035,CCOC(OCC)c1ccc([N+](=O)[O-])cc1,acetal,CCC,CCC,Cc1ccc([N+](=O)[O-])cc1,C,train,0.27579,-0.55942149,0.030666667,"30¡æ, H2O/dioxane(50:50)",Substituent Effects in Acetal Hydrolysis,10.1021/jo01016a036
EXP0036,mol_0036,CCOC(OCC)c1cccc(OC)c1,acetal,CCC,CCC,COc1cccc(C)c1,C,train,67.89667,1.83184847,7.551666667,"30¡æ, H2O/dioxane(50:50)",Substituent Effects in Acetal Hydrolysis,10.1021/jo01016a036
EXP0037,mol_0037,CCOC(OCC)c1cccc(C)c1,acetal,CCC,CCC,Cc1cccc(C)c1,C,train,175.3235,2.24384006,19.5,"30¡æ, H2O/dioxane(50:50)",Substituent Effects in Acetal Hydrolysis,10.1021/jo01016a036
EXP0038,mol_0038,CCOC(OCC)c1cccc([N+](=O)[O-])c1,acetal,CCC,CCC,Cc1cccc([N+](=O)[O-])c1,C,train,0.37161,-0.42991261,0.041333333,"30¡æ, H2O/dioxane(50:50)",Substituent Effects in Acetal Hydrolysis,10.1021/jo01016a036
EXP0039,mol_0039,COCOC,acetal,CC,CC,C,C,train,0.000113966,-3.94322469,7.434e-6,"25¡æ, H2O/dioxane(50:50)","The Relative Rate of Hydrolysis of a Series of Acyclic and Six-Membered Cyclic Acetals, Ketals, Orthoesters, and Orthocarbonates",10.1016/S0040-4020(00)00270-2
EXP0040,mol_0040,COC(OC)OC,orthoester,CC,CC,COC,C,train,633.1443,2.80150267,41.3,"25¡æ, H2O/dioxane(50:50)","The Relative Rate of Hydrolysis of a Series of Acyclic and Six-Membered Cyclic Acetals, Ketals, Orthoesters, and Orthocarbonates",10.1016/S0040-4020(00)00270-2
EXP0041,mol_0041,CCOC(OCC)OCC,orthoester,CCC,CCC,CCOC,C,test,2532.577,3.40356267,165.2,"25¡æ, H2O/dioxane(50:50)","The Relative Rate of Hydrolysis of a Series of Acyclic and Six-Membered Cyclic Acetals, Ketals, Orthoesters, and Orthocarbonates",10.1016/S0040-4020(00)00270-2
EXP0042,mol_0042,CCOC(C)(OCC)OCC,orthoester,CCC,CCC,CCOC,CC,train,70912.16,4.8507207,4625.6,"25¡æ, H2O/dioxane(50:50)","The Relative Rate of Hydrolysis of a Series of Acyclic and Six-Membered Cyclic Acetals, Ketals, Orthoesters, and Orthocarbonates",10.1016/S0040-4020(00)00270-2
EXP0043,mol_0043,COC(OC)(OC)OC,orthocarbonate,CC,CC,COC,COC,train,43.05381,1.63401159,2.8084,"25¡æ, H2O/dioxane(50:50)","The Relative Rate of Hydrolysis of a Series of Acyclic and Six-Membered Cyclic Acetals, Ketals, Orthoesters, and Orthocarbonates",10.1016/S0040-4020(00)00270-2
EXP0044,mol_0044,CCOC(OCC)(OCC)OCC,orthocarbonate,CCC,CCC,CCOC,CCOC,train,253.2577,2.40356266,16.52,"25¡æ, H2O/dioxane(50:50)","The Relative Rate of Hydrolysis of a Series of Acyclic and Six-Membered Cyclic Acetals, Ketals, Orthoesters, and Orthocarbonates",10.1016/S0040-4020(00)00270-2
EXP0045,mol_0045,COc1ccc(C(OC)OC)cc1,acetal,CC,CC,COc1ccc(C)cc1,C,train,2005.293,3.30217773,10.9,"25¡æ, H2O/dioxane(30:70)",Evidence for a solvent-induced change in rate-limiting step in the hydrolysis of benzaldehyde dimethyl acetal,10.1021/ja00540a015
EXP0046,mol_0046,COC(OC)c1ccc(C)cc1,acetal,CC,CC,Cc1ccc(C)cc1,C,train,198.6896,2.29817505,1.08,"25¡æ, H2O/dioxane(30:70)",Evidence for a solvent-induced change in rate-limiting step in the hydrolysis of benzaldehyde dimethyl acetal,10.1021/ja00540a015
EXP0047,mol_0047,COC(OC)c1ccccc1Cl,acetal,CC,CC,Cc1ccccc1Cl,C,test,5.40871,0.7330937,0.0294,"25¡æ, H2O/dioxane(30:70)",Evidence for a solvent-induced change in rate-limiting step in the hydrolysis of benzaldehyde dimethyl acetal,10.1021/ja00540a015
EXP0048,mol_0048,COC(OC)c1cccc(Br)c1,acetal,CC,CC,Cc1cccc(Br)c1,C,train,0.69171,-0.16007595,0.00376,"25¡æ, H2O/dioxane(30:70)",Evidence for a solvent-induced change in rate-limiting step in the hydrolysis of benzaldehyde dimethyl acetal,10.1021/ja00540a015
EXP0049,mol_0049,CC(C)(C)COC(OCC(C)(C)C)c1ccccc1,acetal,CCC(C)(C)C,CCC(C)(C)C,Cc1ccccc1,C,train,37.55941,1.57471876,2.45,"25¡æ, H2O/dioxane(50:50)",The nature of the steric effect in the general-acid-catalyzed hydrolyses of benzaldehyde acetals,10.1021/jo00171a004
EXP0050,mol_0050,COCCOC(OCCOC)c1ccccc1,acetal,CCCOC,CCCOC,Cc1ccccc1,C,train,9.65813,0.98489305,0.63,"25¡æ, H2O/dioxane(50:50)",The nature of the steric effect in the general-acid-catalyzed hydrolyses of benzaldehyde acetals,10.1021/jo00171a004
EXP0051,mol_0051,ClCCOC(OCCCl)c1ccccc1,acetal,CCCCl,CCCCl,Cc1ccccc1,C,train,2.08493,0.31909148,0.136,"25¡æ, H2O/dioxane(50:50)",The nature of the steric effect in the general-acid-catalyzed hydrolyses of benzaldehyde acetals,10.1021/jo00171a004
EXP0052,mol_0052,COc1ccc(C(C)(OC)OC)cc1,ketal,CC,CC,COc1ccc(C)cc1,CC,train,9200,3.96378783,9200,"25¡æ, H2O",Trapping of the oxocarbonium ion intermediate in the hydrolysis of acetophenone dimethyl ketals,10.1021/ja00467a019
EXP0053,mol_0053,COC(C)(OC)c1ccc(C)cc1,ketal,CC,CC,Cc1ccc(C)cc1,CC,train,3700,3.56820172,3700,"25¡æ, H2O",Trapping of the oxocarbonium ion intermediate in the hydrolysis of acetophenone dimethyl ketals,10.1021/ja00467a019
EXP0054,mol_0054,COC(C)(OC)c1ccc(Cl)cc1,ketal,CC,CC,Cc1ccc(Cl)cc1,CC,test,700,2.84509804,700,"25¡æ, H2O",Trapping of the oxocarbonium ion intermediate in the hydrolysis of acetophenone dimethyl ketals,10.1021/ja00467a019
EXP0055,mol_0055,COC(C)(OC)c1ccc(Br)cc1,ketal,CC,CC,Cc1ccc(Br)cc1,CC,train,580,2.76342799,580,"25¡æ, H2O",Trapping of the oxocarbonium ion intermediate in the hydrolysis of acetophenone dimethyl ketals,10.1021/ja00467a019
EXP0056,mol_0056,COC(C)(OC)c1cccc(Br)c1,ketal,CC,CC,Cc1cccc(Br)c1,CC,train,250,2.39794001,250,"25¡æ, H2O",Trapping of the oxocarbonium ion intermediate in the hydrolysis of acetophenone dimethyl ketals,10.1021/ja00467a019
EXP0057,mol_0057,CCCOC(OCCC)c1ccc(N(C)C)cc1,acetal,CCCC,CCCC,Cc1ccc(N(C)C)cc1,C,train,41053.55,4.61335073,70000,"30¡æ, H2O","General acid catalysis in the hydrolysis of 1,3-dioxolanes and 1,3-oxathiolanes. The hydrolysis of acetals and thioacetals of p-(dimethylamino)benzaldehyde",10.1021/ja00269a048
EXP0058,mol_0058,COC(OC)(OC)c1ccc(O)cc1,orthoester,CC,CC,COC,Cc1ccc(O)cc1,train,226.6667,2.35538766,226.6667,"25¡æ, H2O","Effects of .alpha.-deuterium substitution, polar substituents, temperature, and salts on the kinetics of hydrolysis of acetals and orthoesters",10.1021/ja00741a031
EXP0059,mol_0059,COc1ccc(C(OC)(OC)OC)cc1,orthoester,CC,CC,COC,COc1ccc(C)cc1,test,160.5,2.20547504,160.5,"25¡æ, H2O","Effects of .alpha.-deuterium substitution, polar substituents, temperature, and salts on the kinetics of hydrolysis of acetals and orthoesters",10.1021/ja00741a031
EXP0060,mol_0060,COC(OC)(OC)c1ccc(C)cc1,orthoester,CC,CC,COC,Cc1ccc(C)cc1,train,124.1667,2.09400503,124.1667,"25¡æ, H2O","Effects of .alpha.-deuterium substitution, polar substituents, temperature, and salts on the kinetics of hydrolysis of acetals and orthoesters",10.1021/ja00741a031
EXP0061,mol_0061,COC(OC)(OC)c1ccccc1,orthoester,CC,CC,COC,Cc1ccccc1,train,74.16667,1.87020878,74.16667,"25¡æ, H2O","Effects of .alpha.-deuterium substitution, polar substituents, temperature, and salts on the kinetics of hydrolysis of acetals and orthoesters",10.1021/ja00741a031
EXP0062,mol_0062,COC(OC)(OC)c1ccc(F)cc1,orthoester,CC,CC,COC,Cc1ccc(F)cc1,test,58.66667,1.76839144,58.66667,"25¡æ, H2O","Effects of .alpha.-deuterium substitution, polar substituents, temperature, and salts on the kinetics of hydrolysis of acetals and orthoesters",10.1021/ja00741a031
EXP0063,mol_0063,COC(OC)(OC)c1ccc(Cl)cc1,orthoester,CC,CC,COC,Cc1ccc(Cl)cc1,train,40.16667,1.60386583,40.16667,"25¡æ, H2O","Effects of .alpha.-deuterium substitution, polar substituents, temperature, and salts on the kinetics of hydrolysis of acetals and orthoesters",10.1021/ja00741a031
EXP0064,mol_0064,COC(OC)(OC)c1ccc([N+](=O)[O-])cc1,orthoester,CC,CC,COC,Cc1ccc([N+](=O)[O-])cc1,train,10.66667,1.02802886,10.66667,"25¡æ, H2O","Effects of .alpha.-deuterium substitution, polar substituents, temperature, and salts on the kinetics of hydrolysis of acetals and orthoesters",10.1021/ja00741a031
EXP0065,mol_0065,COc1ccc(OC(OC)c2ccccc2C(=O)O)cc1,acetal,COc1ccc(C)cc1,CC,Cc1ccccc1C(=O)O,C,train,17.89192,1.25265695,1.99,"30¡æ, H2O/dioxane(50:50)",Carboxylate anion stabilization of a developing carbonium ion in acetal hydrolysis. Hydrolysis of phthalaldehydic acid acetals,10.1021/ja00462a036
EXP0066,mol_0066,COc1ccc(OC(OC)c2ccc(C(=O)O)cc2)cc1,acetal,COc1ccc(C)cc1,CC,Cc1ccc(C(=O)O)cc1,C,train,14.65522,1.16599234,1.63,"30¡æ, H2O/dioxane(50:50)",Carboxylate anion stabilization of a developing carbonium ion in acetal hydrolysis. Hydrolysis of phthalaldehydic acid acetals,10.1021/ja00462a036
EXP0067,mol_0067,COC(Oc1cccc(C)c1)c1ccccc1C(=O)O,acetal,Cc1cccc(C)c1,CC,Cc1ccccc1C(=O)O,C,train,9.44044,0.97499224,1.05,"30¡æ, H2O/dioxane(50:50)",Carboxylate anion stabilization of a developing carbonium ion in acetal hydrolysis. Hydrolysis of phthalaldehydic acid acetals,10.1021/ja00462a036
EXP0068,mol_0068,COC(Oc1ccc(Cl)cc1)c1ccccc1C(=O)O,acetal,Cc1ccc(Cl)cc1,CC,Cc1ccccc1C(=O)O,C,train,5.93408,0.7733534,0.66,"30¡æ, H2O/dioxane(50:50)",Carboxylate anion stabilization of a developing carbonium ion in acetal hydrolysis. Hydrolysis of phthalaldehydic acid acetals,10.1021/ja00462a036
EXP0069,mol_0069,COC(Oc1cc(Cl)cc(Cl)c1)c1ccccc1C(=O)O,acetal,Cc1cc(Cl)cc(Cl)c1,CC,Cc1ccccc1C(=O)O,C,train,3.41653,0.53358524,0.38,"30¡æ, H2O/dioxane(50:50)",Carboxylate anion stabilization of a developing carbonium ion in acetal hydrolysis. Hydrolysis of phthalaldehydic acid acetals,10.1021/ja00462a036
EXP0070,mol_0070,COC(Oc1cc(Cl)cc(Cl)c1)c1ccc(C(=O)O)cc1,acetal,Cc1cc(Cl)cc(Cl)c1,CC,Cc1ccc(C(=O)O)cc1,C,test,3.05688,0.48527839,0.34,"30¡æ, H2O/dioxane(50:50)",Carboxylate anion stabilization of a developing carbonium ion in acetal hydrolysis. Hydrolysis of phthalaldehydic acid acetals,10.1021/ja00462a036
EXP0071,mol_0071,COC(=O)c1ccccc1C(OC)Oc1cc(Cl)cc(Cl)c1,acetal,Cc1cc(Cl)cc(Cl)c1,CC,COC(=O)c1ccccc1C,C,train,2.78721,0.44516969,0.31,"30¡æ, H2O/dioxane(50:50)",Carboxylate anion stabilization of a developing carbonium ion in acetal hydrolysis. Hydrolysis of phthalaldehydic acid acetals,10.1021/ja00462a036
EXP0072,mol_0072,COC(=O)c1ccc(C(OC)Oc2cc(Cl)cc(Cl)c2)cc1,acetal,Cc1cc(Cl)cc(Cl)c1,CC,COC(=O)c1ccc(C)cc1,C,train,2.5174,0.40095223,0.28,"30¡æ, H2O/dioxane(50:50)",Carboxylate anion stabilization of a developing carbonium ion in acetal hydrolysis. Hydrolysis of phthalaldehydic acid acetals,10.1021/ja00462a036
EXP0073,mol_0073,COC(=O)c1ccccc1C(OC)Oc1ccc(OC)cc1,acetal,COc1ccc(C)cc1,CC,COC(=O)c1ccccc1C,C,train,11.32853,1.05417356,1.26,"30¡æ, H2O/dioxane(50:50)",Carboxylate anion stabilization of a developing carbonium ion in acetal hydrolysis. Hydrolysis of phthalaldehydic acid acetals,10.1021/ja00462a036
EXP0074,mol_0074,COC(=O)c1ccc(C(OC)Oc2ccc(OC)cc2)cc1,acetal,COc1ccc(C)cc1,CC,COC(=O)c1ccc(C)cc1,C,train,10.96888,1.04016229,1.22,"30¡æ, H2O/dioxane(50:50)",Carboxylate anion stabilization of a developing carbonium ion in acetal hydrolysis. Hydrolysis of phthalaldehydic acid acetals,10.1021/ja00462a036
EXP0075,mol_0075,COC(=O)c1ccccc1C(OC)Oc1ccc(C)cc1,acetal,Cc1ccc(C)cc1,CC,COC(=O)c1ccccc1C,C,train,7.55235,0.87808211,0.84,"30¡æ, H2O/dioxane(50:50)",Carboxylate anion stabilization of a developing carbonium ion in acetal hydrolysis. Hydrolysis of phthalaldehydic acid acetals,10.1021/ja00462a036
EXP0076,mol_0076,COC(=O)c1ccccc1C(OC)Oc1cccc(C)c1,acetal,Cc1cccc(C)c1,CC,COC(=O)c1ccccc1C,C,train,7.10287,0.85143387,0.79,"30¡æ, H2O/dioxane(50:50)",Carboxylate anion stabilization of a developing carbonium ion in acetal hydrolysis. Hydrolysis of phthalaldehydic acid acetals,10.1021/ja00462a036
EXP0077,mol_0077,COC(=O)c1ccccc1C(OC)Oc1cccc(OC)c1,acetal,COc1cccc(C)c1,CC,COC(=O)c1ccccc1C,C,train,5.30461,0.72465346,0.59,"30¡æ, H2O/dioxane(50:50)",Carboxylate anion stabilization of a developing carbonium ion in acetal hydrolysis. Hydrolysis of phthalaldehydic acid acetals,10.1021/ja00462a036
EXP0078,mol_0078,COC(=O)c1ccccc1C(OC)Oc1ccc(Cl)cc1,acetal,Cc1ccc(Cl)cc1,CC,COC(=O)c1ccccc1C,C,train,4.6753,0.66980948,0.52,"30¡æ, H2O/dioxane(50:50)",Carboxylate anion stabilization of a developing carbonium ion in acetal hydrolysis. Hydrolysis of phthalaldehydic acid acetals,10.1021/ja00462a036
EXP0079,mol_0079,COC(=O)c1ccccc1C(OC)Oc1cccc(F)c1,acetal,Cc1cccc(F)c1,CC,COC(=O)c1ccccc1C,C,train,4.13583,0.61656268,0.46,"30¡æ, H2O/dioxane(50:50)",Carboxylate anion stabilization of a developing carbonium ion in acetal hydrolysis. Hydrolysis of phthalaldehydic acid acetals,10.1021/ja00462a036
EXP0080,mol_0080,COC(=O)c1ccccc1C(OC)Oc1cccc(C(C)=O)c1,acetal,CC(=O)c1cccc(C)c1,CC,COC(=O)c1ccccc1C,C,test,4.58531,0.6613687,0.51,"30¡æ, H2O/dioxane(50:50)",Carboxylate anion stabilization of a developing carbonium ion in acetal hydrolysis. Hydrolysis of phthalaldehydic acid acetals,10.1021/ja00462a036
EXP0081,mol_0081,COC(=O)c1ccccc1C(OC)Oc1cccc([N+](=O)[O-])c1,acetal,Cc1cccc([N+](=O)[O-])c1,CC,COC(=O)c1ccccc1C,C,train,3.2367,0.51010245,0.36,"30¡æ, H2O/dioxane(50:50)",Carboxylate anion stabilization of a developing carbonium ion in acetal hydrolysis. Hydrolysis of phthalaldehydic acid acetals,10.1021/ja00462a036
EXP0082,mol_0082,COC(OC1CCCCC1C(=O)O)c1ccccc1,acetal,CC1CCCCC1C(=O)O,CC,Cc1ccccc1,C,test,149.2497,2.17391355,16.6,"30¡æ, H2O/dioxane(50:50)",Intramolecular general acid catalysis in the hydrolysis of acetals with aliphatic alcohol leaving groups,10.1021/ja00499a026
EXP0083,mol_0083,COc1ccc(C(OC)OC2CCCCC2C(=O)O)cc1,acetal,CC1CCCCC1C(=O)O,CC,COc1ccc(C)cc1,C,train,3560.414,3.55150051,396,"30¡æ, H2O/dioxane(50:50)",Intramolecular general acid catalysis in the hydrolysis of acetals with aliphatic alcohol leaving groups,10.1021/ja00499a026
EXP0084,mol_0084,COC(OC1CCCCC1C(=O)O)c1ccccc1C(=O)O,acetal,CC1CCCCC1C(=O)O,CC,Cc1ccccc1C(=O)O,C,train,8.99096,0.95380607,1,"30¡æ, H2O/dioxane(50:50)",Intramolecular general acid catalysis in the hydrolysis of acetals with aliphatic alcohol leaving groups,10.1021/ja00499a026
EXP0085,mol_0085,COC(=O)C1CCCCC1OC(OC)c1ccccc1,acetal,COC(=O)C1CCCCC1C,CC,Cc1ccccc1,C,train,153.7452,2.18680159,17.1,"30¡æ, H2O/dioxane(50:50)",Intramolecular general acid catalysis in the hydrolysis of acetals with aliphatic alcohol leaving groups,10.1021/ja00499a026
EXP0086,mol_0086,COC(=O)C1CCCCC1OC(OC)c1ccc(OC)cc1,acetal,COC(=O)C1CCCCC1C,CC,COc1ccc(C)cc1,C,train,1726.261,3.23710655,192,"30¡æ, H2O/dioxane(50:50)",Intramolecular general acid catalysis in the hydrolysis of acetals with aliphatic alcohol leaving groups,10.1021/ja00499a026
EXP0087,mol_0087,COC(=O)C1CCCCC1OC(OC)c1cccc(Cl)c1,acetal,COC(=O)C1CCCCC1C,CC,Cc1cccc(Cl)c1,C,train,0.8631,-0.06393888,0.096,"30¡æ, H2O/dioxane(50:50)",Intramolecular general acid catalysis in the hydrolysis of acetals with aliphatic alcohol leaving groups,10.1021/ja00499a026
EXP0088,mol_0088,COC(=O)C1CCCCC1OC(OC)c1ccc([N+](=O)[O-])cc1,acetal,COC(=O)C1CCCCC1C,CC,Cc1ccc([N+](=O)[O-])cc1,C,train,0.03603,-1.44333574,0.004,"30¡æ, H2O/dioxane(50:50)",Intramolecular general acid catalysis in the hydrolysis of acetals with aliphatic alcohol leaving groups,10.1021/ja00499a026
EXP0089,mol_0089,COC(=O)c1ccc(C(OC)OC2CCCCC2C(=O)OC)cc1,acetal,COC(=O)C1CCCCC1C,CC,COC(=O)c1ccc(C)cc1,C,train,0.62931,-0.20113537,0.07,"30¡æ, H2O/dioxane(50:50)",Intramolecular general acid catalysis in the hydrolysis of acetals with aliphatic alcohol leaving groups,10.1021/ja00499a026
EXP0090,mol_0090,COC(=O)c1ccccc1C(OC)OC1CCCCC1C(=O)OC,acetal,COC(=O)C1CCCCC1C,CC,COC(=O)c1ccccc1C,C,train,3.19178,0.50403295,0.355,"30¡æ, H2O/dioxane(50:50)",Intramolecular general acid catalysis in the hydrolysis of acetals with aliphatic alcohol leaving groups,10.1021/ja00499a026
EXP0091,mol_0091,CCOC(=O)C1CCCCC1OC(OC1CCCCC1C(=O)OCC)c1ccccc1,acetal,CCOC(=O)C1CCCCC1C,CCOC(=O)C1CCCCC1C,Cc1ccccc1,C,train,10.51939,1.02199056,1.17,"30¡æ, H2O/dioxane(50:50)",Intramolecular general acid catalysis in the hydrolysis of acetals with aliphatic alcohol leaving groups,10.1021/ja00499a026
EXP0092,mol_0092,O=C(O)C1CCCCC1OC(OC1CCCCC1C(=O)O)c1ccccc1,acetal,CC1CCCCC1C(=O)O,CC1CCCCC1C(=O)O,Cc1ccccc1,C,train,29.32397,1.46722277,50,"30¡æ, H2O",Intramolecular general acid catalysis in the hydrolysis of acetals with aliphatic alcohol leaving groups,10.1021/ja00499a026
EXP0093,mol_0093,CCOC(COC)OCC,acetal,CCC,CCC,CCOC,C,train,0.00307,-2.51286162,2E-4,"25¡æ, H2O/dioxane(50:50)",Neighboring Group Participation in Acetal Hydrolysis1,10.1021/ja00949a071
EXP0094,mol_0094,CCOC(CSC)OCC,acetal,CCC,CCC,CCSC,C,train,0.3572,-0.44708855,0.0233,"25¡æ, H2O/dioxane(50:50)",Neighboring Group Participation in Acetal Hydrolysis1,10.1021/ja00949a071
EXP0095,mol_0095,CCCCC(OCC)OCC,acetal,CCC,CCC,CCCCC,C,train,2.71348,0.43352662,0.177,"25¡æ, H2O/dioxane(50:50)",Neighboring Group Participation in Acetal Hydrolysis1,10.1021/ja00949a071
EXP0096,mol_0096,CCOC(CCCSC)OCC,acetal,CCC,CCC,CCCCSC,C,train,1.9163,0.2824635,0.125,"25¡æ, H2O/dioxane(50:50)",Neighboring Group Participation in Acetal Hydrolysis1,10.1021/ja00949a071
EXP0097,mol_0097,CCCCC(C)(OCC)OCC,ketal,CCC,CCC,CCCCC,CC,train,13168.79,4.11954579,859,"25¡æ, H2O/dioxane(50:50)",Neighboring Group Participation in Acetal Hydrolysis1,10.1021/ja00949a071
EXP0098,mol_0098,CCOC(C)(CCCOC)OCC,ketal,CCC,CCC,CCCCOC,CC,train,5810.21,3.76419183,379,"25¡æ, H2O/dioxane(50:50)",Neighboring Group Participation in Acetal Hydrolysis1,10.1021/ja00949a071
EXP0099,mol_0099,CCOC(C)(CCCSC)OCC,ketal,CCC,CCC,CCCCSC,CC,test,3832.592,3.58349263,250,"25¡æ, H2O/dioxane(50:50)",Neighboring Group Participation in Acetal Hydrolysis1,10.1021/ja00949a071
EXP0100,mol_0100,OCCCCCCOC(OCCCCCCO)c1ccccc1,acetal,CCCCCCCO,CCCCCCCO,Cc1ccccc1,C,test,6.068,0.78304557,6.068,"25¡æ, H2O","Design, Synthesis, and Acid-Responsive Disassembly of Shell-Sheddable Block Copolymer Labeled with Benzaldehyde Acetal Junction",10.1002/marc.202400097
EXP0101,mol_0101,C=CCCCOC(OCCCC=C)c1ccc2c(c1)CC(=O)N2O,acetal,C=CCCCC,C=CCCCC,Cc1ccc2c(c1)CC(=O)N2O,C,test,146.199,2.1649444,146.199,"25¡æ, H2O",Programmed??Degradation??of??Hydrogels??with??a??Double-Locked??Domain,10.1002/anie.201811848
EXP0102,mol_0102,C=C(C)C(=O)OCCCOC(OCCCOC(=O)C(=C)C)c1ccc2c(c1)CC(=O)N2O,acetal,C=C(C)C(=O)OCCCC,C=C(C)C(=O)OCCCC,Cc1ccc2c(c1)CC(=O)N2O,C,train,67.249,1.82768583,67.249,"25¡æ, H2O",Programmed??Degradation??of??Hydrogels??with??a??Double-Locked??Domain,10.1002/anie.201811848
EXP0103,mol_0103,C=C(C)C(=O)OCCOC(OCCOC(=O)C(=C)C)c1ccc2c(c1)CC(=O)N2O,acetal,C=C(C)C(=O)OCCC,C=C(C)C(=O)OCCC,Cc1ccc2c(c1)CC(=O)N2O,C,train,29.665,1.47224435,29.665,"25¡æ, H2O",Programmed??Degradation??of??Hydrogels??with??a??Double-Locked??Domain,10.1002/anie.201811848
EXP0104,mol_0104,CC(C)(OCCNC(=O)C(F)(F)F)OCCNC(=O)C(F)(F)F,ketal,CCCNC(=O)C(F)(F)F,CCCNC(=O)C(F)(F)F,CC,CC,test,0.844,-0.07365755,0.844,"25¡æ, H2O",Substituent Effects on the pH Sensitivity of Acetals and Ketals and Their Correlation with Encapsulation Stability in Polymeric Nanogels,10.1021/jacs.6b11181
EXP0105,mol_0105,C=CC(=O)NCCOC(OCCNC(=O)C=C)c1ccc(OCCOCCOCCOCCO)cc1,acetal,C=CC(=O)NCCC,C=CC(=O)NCCC,Cc1ccc(OCCOCCOCCOCCO)cc1,C,train,28.72868,1.45831567,120.919,"37¡æ, H2O",T-Cell??Activation??by??Antigen-Loaded??pH-Sensitive??Hydrogel??Particles??in??Vivo:??The??Effect??of??Particle??Size,10.1021/bc800338n
EXP0106,mol_0106,C=CC(=O)NCCOC(OCCNC(=O)C=C)c1ccc(OC)cc1,acetal,C=CC(=O)NCCC,C=CC(=O)NCCC,COc1ccc(C)cc1,C,test,47.90045,1.68033959,201.613,"37¡æ, H2O",A??Novel??Strategy??for??Encapsulation??and??Release??of??Proteins:????Hydrogels??and??Microgels??with??Acid-Labile??Acetal??Cross-Linkers,10.1021/ja026925r
EXP0107,mol_0107,C=CC(=O)NCCOC(OCCNC(=O)C=C)c1ccc(OCCOCCOCCO)cc1,acetal,C=CC(=O)NCCC,C=CC(=O)NCCC,Cc1ccc(OCCOCCOCCO)cc1,C,test,47.90045,1.68033959,201.613,"37¡æ, H2O",A??macromolecular??delivery??vehicle??for??protein-based??vaccines:??Acid-degradable??protein-loaded??microgels,10.1073/pnas.0930644100
EXP0108,mol_0108,C=CC(=O)NCCOCCOC(C)(C)OCCOCCNC(=O)C=C,ketal,C=CC(=O)NCCOCCC,C=CC(=O)NCCOCCC,CC,CC,train,168.5008,2.22660204,709.22,"37¡æ, H2O",Directed Antigen Presentation Using Polymeric Microparticulate Carriers Degradable at Lysosomal pH for Controlled Immune Responses,10.1021/mp0498953
EXP0109,mol_0109,COc1ccc(C(OCCOCCN)OCCOCCN)c2ccccc12,acetal,CCCOCCN,CCCOCCN,COc1ccc(C)c2ccccc12,C,train,39.59777,1.59767073,166.667,"37¡æ, H2O",pH-Responsive??Shell??Cross-Linked??Nanoparticles??with??Hydrolytically??Labile??Cross-Links,10.1021/ma801737p
EXP0110,mol_0110,COC(=O)NCCOC(OCCNC(=O)OC)c1ccc(N)cc1,acetal,CCCNC(=O)OC,CCCNC(=O)OC,Cc1ccc(N)cc1,C,train,577.5486,2.76158853,2430.902,"37¡æ, H2O",Acid-degradable lipid nanoparticles enhance the delivery of mRNA,10.1038/s41565-024-01765-4
EXP0111,mol_0111,C=CCC(=O)OCCOC(OCCOC(=O)C=C)c1ccc(OC)cc1,acetal,C=CCC(=O)OCCC,C=CC(=O)OCCC,COc1ccc(C)cc1,C,train,4.96626,0.69602945,20.903,"37¡æ, H2O",Acid-cleavable??polymeric??core¨Cshell??particles??for??delivery??of??hydrophobic??drugs,10.1016/j.jconrel.2006.07.025
EXP0112,mol_0112,CC(C)(OCCCCCCNC(=O)C(F)(F)F)OCCCCCCNC(=O)C(F)(F)F,ketal,CCCCCCCNC(=O)C(F)(F)F,CCCCCCCNC(=O)C(F)(F)F,CC,CC,train,48.13522,1.68246296,48.13522,"25¡æ, H2O",Substituent Effects on the pH Sensitivity of Acetals and Ketals and Their Correlation with Encapsulation Stability in Polymeric Nanogels,10.1021/jacs.6b11181
EXP0113,mol_0113,CC(C)(OCCCNC(=O)C(F)(F)F)OCCCNC(=O)C(F)(F)F,ketal,CCCCNC(=O)C(F)(F)F,CCCCNC(=O)C(F)(F)F,CC,CC,train,5.90616,0.77130521,5.90616,"25¡æ, H2O",Substituent Effects on the pH Sensitivity of Acetals and Ketals and Their Correlation with Encapsulation Stability in Polymeric Nanogels,10.1021/jacs.6b11181
EXP0114,mol_0114,CC(C)(OCCN1C(=O)c2ccccc2C1=O)OCCN1C(=O)c2ccccc2C1=O,ketal,CCCN1C(=O)c2ccccc2C1=O,CCCN1C(=O)c2ccccc2C1=O,CC,CC,test,0.58417,-0.23346075,0.58417,"25¡æ, H2O",Substituent Effects on the pH Sensitivity of Acetals and Ketals and Their Correlation with Encapsulation Stability in Polymeric Nanogels,10.1021/jacs.6b11181
EXP0115,mol_0115,CC(OCCN1C(=O)c2ccccc2C1=O)OCCN1C(=O)c2ccccc2C1=O,acetal,CCCN1C(=O)c2ccccc2C1=O,CCCN1C(=O)c2ccccc2C1=O,CC,C,train,0.000148134,-3.82934525,0.000148134,"25¡æ, H2O",Substituent Effects on the pH Sensitivity of Acetals and Ketals and Their Correlation with Encapsulation Stability in Polymeric Nanogels,10.1021/jacs.6b11181
EXP0116,mol_0116,CCCCCC(OCCNC(=O)C(F)(F)F)OCCNC(=O)C(F)(F)F,acetal,CCCNC(=O)C(F)(F)F,CCCNC(=O)C(F)(F)F,CCCCCC,C,test,0.000142105,-3.84739064,0.000142105,"25¡æ, H2O",Substituent Effects on the pH Sensitivity of Acetals and Ketals and Their Correlation with Encapsulation Stability in Polymeric Nanogels,10.1021/jacs.6b11181
EXP0117,mol_0117,CCCCCCCCCCC(OCCNC(=O)C(F)(F)F)OCCNC(=O)C(F)(F)F,acetal,CCCNC(=O)C(F)(F)F,CCCNC(=O)C(F)(F)F,CCCCCCCCCCC,C,train,0.000140382,-3.85268857,0.000140382,"25¡æ, H2O",Substituent Effects on the pH Sensitivity of Acetals and Ketals and Their Correlation with Encapsulation Stability in Polymeric Nanogels,10.1021/jacs.6b11181
EXP0118,mol_0118,O=C(NCCOC(OCCNC(=O)C(F)(F)F)c1ccc([N+](=O)[O-])cc1)C(F)(F)F,acetal,CCCNC(=O)C(F)(F)F,CCCNC(=O)C(F)(F)F,Cc1ccc([N+](=O)[O-])cc1,C,train,1.12823e-05,-4.94760236,1.12823e-05,"25¡æ, H2O",Substituent Effects on the pH Sensitivity of Acetals and Ketals and Their Correlation with Encapsulation Stability in Polymeric Nanogels,10.1021/jacs.6b11181
EXP0119,mol_0119,O=C(NCCOC(OCCNC(=O)C(F)(F)F)c1ccc(C(F)(F)F)cc1)C(F)(F)F,acetal,CCCNC(=O)C(F)(F)F,CCCNC(=O)C(F)(F)F,Cc1ccc(C(F)(F)F)cc1,C,train,4.75405e-05,-4.32293625,4.75405e-05,"25¡æ, H2O",Substituent Effects on the pH Sensitivity of Acetals and Ketals and Their Correlation with Encapsulation Stability in Polymeric Nanogels,10.1021/jacs.6b11181
EXP0120,mol_0120,O=C(NCCOC(OCCNC(=O)C(F)(F)F)c1ccccc1)C(F)(F)F,acetal,CCCNC(=O)C(F)(F)F,CCCNC(=O)C(F)(F)F,Cc1ccccc1,C,train,0.00861,-2.06499685,0.00861,"25¡æ, H2O",Substituent Effects on the pH Sensitivity of Acetals and Ketals and Their Correlation with Encapsulation Stability in Polymeric Nanogels,10.1021/jacs.6b11181
EXP0121,mol_0121,O=C(NCCOC(OCCNC(=O)C(F)(F)F)c1ccco1)C(F)(F)F,acetal,CCCNC(=O)C(F)(F)F,CCCNC(=O)C(F)(F)F,Cc1ccco1,C,train,0.00865,-2.06298389,0.00865,"25¡æ, H2O",Substituent Effects on the pH Sensitivity of Acetals and Ketals and Their Correlation with Encapsulation Stability in Polymeric Nanogels,10.1021/jacs.6b11181
EXP0122,mol_0122,COc1ccc(C(OCCNC(=O)C(F)(F)F)OCCNC(=O)C(F)(F)F)cc1,acetal,CCCNC(=O)C(F)(F)F,CCCNC(=O)C(F)(F)F,COc1ccc(C)cc1,C,test,0.27346,-0.56310619,0.27346,"25¡æ, H2O",Substituent Effects on the pH Sensitivity of Acetals and Ketals and Their Correlation with Encapsulation Stability in Polymeric Nanogels,10.1021/jacs.6b11181
EXP0123,mol_0123,COc1ccc(C(OCCNC(=O)C(F)(F)F)OCCNC(=O)C(F)(F)F)c(OC)c1,acetal,CCCNC(=O)C(F)(F)F,CCCNC(=O)C(F)(F)F,COc1ccc(C)c(OC)c1,C,train,2.41279,0.38251952,2.41279,"25¡æ, H2O",Substituent Effects on the pH Sensitivity of Acetals and Ketals and Their Correlation with Encapsulation Stability in Polymeric Nanogels,10.1021/jacs.6b11181
EXP0124,mol_0124,COc1cc(OC)c(C(OCCNC(=O)C(F)(F)F)OCCNC(=O)C(F)(F)F)c(OC)c1,acetal,CCCNC(=O)C(F)(F)F,CCCNC(=O)C(F)(F)F,COc1cc(OC)c(C)c(OC)c1,C,test,10.40762,1.01735143,10.40762,"25¡æ, H2O",Substituent Effects on the pH Sensitivity of Acetals and Ketals and Their Correlation with Encapsulation Stability in Polymeric Nanogels,10.1021/jacs.6b11181
EXP0125,mol_0125,COc1cc(C(OCCNC(=O)C(F)(F)F)OCCNC(=O)C(F)(F)F)cc(OC)c1OC,acetal,CCCNC(=O)C(F)(F)F,CCCNC(=O)C(F)(F)F,COc1cc(C)cc(OC)c1OC,C,train,0.0453,-1.3439018,0.0453,"25¡æ, H2O",Substituent Effects on the pH Sensitivity of Acetals and Ketals and Their Correlation with Encapsulation Stability in Polymeric Nanogels,10.1021/jacs.6b11181
EXP0126,mol_0126,CCOC(C)(OCC)C(C)(C)C,ketal,CCC,CCC,CC(C)(C)C,CC,train,1257090,6.09936647,82000,"25¡æ, H2O/dioxane(50:50)",Steric and Ring-size Effects on Ketal Hydrolysis Rates,10.1021/ja01497a022
EXP0127,mol_0127,CCOC(OCC)c1ccccc1O,acetal,CCC,CCC,Cc1ccccc1O,C,train,0.06065,-1.21716919,0.06065,"25¡æ, H2O","Base promotion and intramolecular catalysis in acetal hydrolysis, reaction of o-hydroxybenzaldehyde diethyl acetal",10.3891/acta.chem.scand.28a-0442
EXP0128,mol_0128,COCCOC(OCCOC)OCCOC,orthoester,CCCOC,CCCOC,COCCOC,C,train,415.453,2.61852191,27.1,"25¡æ, H2O/dioxane(50:50)",Solvent Effects in the Hydrolysis of Orthoesters and Their Value as Criteria of Reaction Mechanism,10.3891/acta.chem.scand.24-0360
EXP0129,mol_0129,ClCCOC(OCCCl)OCCCl,orthoester,CCCCl,CCCCl,COCCCl,C,train,3.67929,0.56576402,0.24,"25¡æ, H2O/dioxane(50:50)",Solvent Effects in the Hydrolysis of Orthoesters and Their Value as Criteria of Reaction Mechanism,10.3891/acta.chem.scand.24-0360
EXP0130,mol_0130,CC(OCC(Cl)(Cl)Cl)OCC(Cl)(Cl)Cl,acetal,CCC(Cl)(Cl)Cl,CCC(Cl)(Cl)Cl,CC,C,train,0.000439099,-3.35743755,6.92e-6,"25¡æ, H2O/dioxane(35:65)","Rate-determining Proton Transfer to Weakly Basic Acetals, an Alternative Mechanism of Acetal Hydrolysis",10.3891/acta.chem.scand.23-2465
EXP0131,mol_0131,CC(OCC(F)(F)F)OCC(F)(F)F,acetal,CCC(F)(F)F,CCC(F)(F)F,CC,C,test,0.00019734,-3.70478488,3.11e-6,"25¡æ, H2O/dioxane(35:65)","Rate-determining Proton Transfer to Weakly Basic Acetals, an Alternative Mechanism of Acetal Hydrolysis",10.3891/acta.chem.scand.23-2465
EXP0132,mol_0132,CC(C)(OCC(Cl)(Cl)Cl)OCC(Cl)(Cl)Cl,ketal,CCC(Cl)(Cl)Cl,CCC(Cl)(Cl)Cl,CC,CC,train,0.3667,-0.43568909,0.00578,"25¡æ, H2O/dioxane(35:65)","Rate-determining Proton Transfer to Weakly Basic Acetals, an Alternative Mechanism of Acetal Hydrolysis",10.3891/acta.chem.scand.23-2465
EXP0133,mol_0133,CC(C)OCOC(C)C,acetal,CC(C)C,CC(C)C,C,C,train,0.00142,-2.84771166,0.00142,"25¡æ, H2O",Basicities of the Oxygen Atoms in Symmetrical and Unsymmetrical Acetals. Part II. The Base Strengths and their Relation to the Rate Coefficients of the Different Partial Fission Reactions of Acetal Hydrolysis,10.3891/acta.chem.scand.23-1728
EXP0134,mol_0134,CC(C)(C)OCOC(C)(C)C,acetal,CC(C)(C)C,CC(C)(C)C,C,C,train,0.102,-0.99139983,0.102,"25¡æ, H2O",Basicities of the Oxygen Atoms in Symmetrical and Unsymmetrical Acetals. Part II. The Base Strengths and their Relation to the Rate Coefficients of the Different Partial Fission Reactions of Acetal Hydrolysis,10.3891/acta.chem.scand.23-1728
EXP0135,mol_0135,FCCOCOCCF,acetal,CCCF,CCCF,C,C,train,4.41e-06,-5.35556141,4.41e-06,"25¡æ, H2O",Basicities of the Oxygen Atoms in Symmetrical and Unsymmetrical Acetals. Part II. The Base Strengths and their Relation to the Rate Coefficients of the Different Partial Fission Reactions of Acetal Hydrolysis,10.3891/acta.chem.scand.23-1728
EXP0136,mol_0136,ClCCOCOCCCl,acetal,CCCCl,CCCCl,C,C,test,2.53e-06,-5.59687948,2.53e-06,"25¡æ, H2O",Basicities of the Oxygen Atoms in Symmetrical and Unsymmetrical Acetals. Part II. The Base Strengths and their Relation to the Rate Coefficients of the Different Partial Fission Reactions of Acetal Hydrolysis,10.3891/acta.chem.scand.23-1728
EXP0137,mol_0137,CCOCOC,acetal,CCC,CC,C,C,train,7.87e-05,-4.10402527,7.87e-05,"25¡æ, H2O",Basicities of the Oxygen Atoms in Symmetrical and Unsymmetrical Acetals. Part II. The Base Strengths and their Relation to the Rate Coefficients of the Different Partial Fission Reactions of Acetal Hydrolysis,10.3891/acta.chem.scand.23-1728
EXP0138,mol_0138,COCOC(C)C,acetal,CC(C)C,CC,C,C,test,0.000349,-3.45717457,0.000349,"25¡æ, H2O",Basicities of the Oxygen Atoms in Symmetrical and Unsymmetrical Acetals. Part II. The Base Strengths and their Relation to the Rate Coefficients of the Different Partial Fission Reactions of Acetal Hydrolysis,10.3891/acta.chem.scand.23-1728
EXP0139,mol_0139,COCOCCCl,acetal,CCCCl,CC,C,C,train,2.79e-05,-4.5543958,2.79e-05,"25¡æ, H2O",Basicities of the Oxygen Atoms in Symmetrical and Unsymmetrical Acetals. Part II. The Base Strengths and their Relation to the Rate Coefficients of the Different Partial Fission Reactions of Acetal Hydrolysis,10.3891/acta.chem.scand.23-1728
EXP0140,mol_0140,CCOCOC(C)C,acetal,CC(C)C,CCC,C,C,train,0.000508,-3.29413629,0.000508,"25¡æ, H2O",Basicities of the Oxygen Atoms in Symmetrical and Unsymmetrical Acetals. Part II. The Base Strengths and their Relation to the Rate Coefficients of the Different Partial Fission Reactions of Acetal Hydrolysis,10.3891/acta.chem.scand.23-1728
EXP0141,mol_0141,CCOCOC(C)(C)C,acetal,CC(C)(C)C,CCC,C,C,train,0.00417,-2.37986395,0.00417,"25¡æ, H2O",Basicities of the Oxygen Atoms in Symmetrical and Unsymmetrical Acetals. Part II. The Base Strengths and their Relation to the Rate Coefficients of the Different Partial Fission Reactions of Acetal Hydrolysis,10.3891/acta.chem.scand.23-1728
EXP0142,mol_0142,CCOCOCCCl,acetal,CCCCl,CCC,C,C,train,0.000124,-3.90657831,0.000124,"25¡æ, H2O",Basicities of the Oxygen Atoms in Symmetrical and Unsymmetrical Acetals. Part II. The Base Strengths and their Relation to the Rate Coefficients of the Different Partial Fission Reactions of Acetal Hydrolysis,10.3891/acta.chem.scand.23-1728
EXP0143,mol_0143,CC(C)OCOCCF,acetal,CCCF,CC(C)C,C,C,test,0.000654,-3.18442225,0.000654,"25¡æ, H2O",Basicities of the Oxygen Atoms in Symmetrical and Unsymmetrical Acetals. Part II. The Base Strengths and their Relation to the Rate Coefficients of the Different Partial Fission Reactions of Acetal Hydrolysis,10.3891/acta.chem.scand.23-1728
EXP0144,mol_0144,CC(C)OCOCCCl,acetal,CCCCl,CC(C)C,C,C,train,0.000591,-3.22841252,0.000591,"25¡æ, H2O",Basicities of the Oxygen Atoms in Symmetrical and Unsymmetrical Acetals. Part II. The Base Strengths and their Relation to the Rate Coefficients of the Different Partial Fission Reactions of Acetal Hydrolysis,10.3891/acta.chem.scand.23-1728
EXP0145,mol_0145,FCCOCOCCCl,acetal,CCCCl,CCCF,C,C,test,3.46e-06,-5.4609239,3.46e-06,"25¡æ, H2O",Basicities of the Oxygen Atoms in Symmetrical and Unsymmetrical Acetals. Part II. The Base Strengths and their Relation to the Rate Coefficients of the Different Partial Fission Reactions of Acetal Hydrolysis,10.3891/acta.chem.scand.23-1728
EXP0146,mol_0146,CCOC(OCCOC)c1ccccc1,acetal,CCCOC,CCC,Cc1ccccc1,C,train,65,1.81291336,65,"25¡æ, H2O",Evidence defining rate-determining diffusional separation for the hydrolysis of acetals of benzaldehydes,10.1021/jo00188a019
EXP0147,mol_0147,CCOC(OCC(F)(F)F)c1ccccc1,acetal,CCC(F)(F)F,CCC,Cc1ccccc1,C,train,11,1.04139269,11,"25¡æ, H2O",Evidence defining rate-determining diffusional separation for the hydrolysis of acetals of benzaldehydes,10.1021/jo00188a019
EXP0148,mol_0148,CCOC(OCC)c1cccc(Cl)c1,acetal,CCC,CCC,Cc1cccc(Cl)c1,C,train,14,1.14612804,14,"25¡æ, H2O",Evidence defining rate-determining diffusional separation for the hydrolysis of acetals of benzaldehydes,10.1021/jo00188a019
EXP0149,mol_0149,COC(C)(OC)OC,orthoester,CC,CC,COC,CC,train,11700,4.06818586,11700,"25¡æ, H2O",Hydrolysis of ortho esters: further investigation of the factors that control the rate-determining step,10.1021/ja00361a017
EXP0150,mol_0150,COC(OC)(OC)C1CC1,orthoester,CC,CC,COC,CC1CC1,train,81000,4.90848502,81000,"25¡æ, H2O",Hydrolysis of ortho esters: further investigation of the factors that control the rate-determining step,10.1021/ja00361a017
EXP0151,mol_0151,COC(OC)c1ccc([N+](=O)[O-])cc1,acetal,CC,CC,Cc1ccc([N+](=O)[O-])cc1,C,train,0.176,-0.75448733,0.176,"25¡æ, H2O",The decomposition of methyl hemiacetals of benzaldehyde in aqueous solution: a study of the effect of aromatic substitution,10.1139/v99-102
EXP0152,mol_0152,COC(OC)c1cccc([N+](=O)[O-])c1,acetal,CC,CC,Cc1cccc([N+](=O)[O-])c1,C,test,0.294,-0.53165267,0.294,"25¡æ, H2O",The decomposition of methyl hemiacetals of benzaldehyde in aqueous solution: a study of the effect of aromatic substitution,10.1139/v99-102
EXP0153,mol_0153,COC(OC)c1cccc(Cl)c1,acetal,CC,CC,Cc1cccc(Cl)c1,C,train,4.04,0.60638137,4.04,"25¡æ, H2O",The decomposition of methyl hemiacetals of benzaldehyde in aqueous solution: a study of the effect of aromatic substitution,10.1139/v99-102
EXP0154,mol_0154,COC(OC)c1ccc(Br)cc1,acetal,CC,CC,Cc1ccc(Br)cc1,C,train,16.9,1.2278867,16.9,"25¡æ, H2O",The decomposition of methyl hemiacetals of benzaldehyde in aqueous solution: a study of the effect of aromatic substitution,10.1139/v99-102
EXP0155,mol_0155,COc1cccc(C(OC)OC)c1,acetal,CC,CC,COc1cccc(C)c1,C,train,29.7,1.47275645,29.7,"25¡æ, H2O",The decomposition of methyl hemiacetals of benzaldehyde in aqueous solution: a study of the effect of aromatic substitution,10.1139/v99-102
EXP0156,mol_0156,COC(OC)c1cccc(C)c1,acetal,CC,CC,Cc1cccc(C)c1,C,train,99.4,1.99738638,99.4,"25¡æ, H2O",The decomposition of methyl hemiacetals of benzaldehyde in aqueous solution: a study of the effect of aromatic substitution,10.1139/v99-102
EXP0157,mol_0157,COC(OC)c1ccc(O)cc1,acetal,CC,CC,Cc1ccc(O)cc1,C,train,957,2.98091194,957,"25¡æ, H2O",The decomposition of methyl hemiacetals of benzaldehyde in aqueous solution: a study of the effect of aromatic substitution,10.1139/v99-102
EXP0158,mol_0158,CCOC(OCC)Oc1ccccc1,orthoester,Cc1ccccc1,CCC,CCOC,C,train,1134.447,3.05478434,74,"25¡æ, H2O/dioxane(50:50)",General acid catalysis of ortho ester hydrolysis,10.1021/jo00977a028
EXP0159,mol_0159,CCOC(Oc1ccccc1)Oc1ccccc1,orthoester,Cc1ccccc1,Cc1ccccc1,CCOC,C,train,1.88042,0.27425486,1.35,"45¡æ, H2O/dioxane(50:50)",General acid catalysis of ortho ester hydrolysis,10.1021/jo00977a028
EXP0160,mol_0160,CCOC(C)(Oc1ccccc1)Oc1ccccc1,orthoester,Cc1ccccc1,Cc1ccccc1,CCOC,CC,train,541.162,2.73332733,35.3,"25¡æ, H2O/dioxane(50:50)",General acid catalysis of ortho ester hydrolysis,10.1021/jo00977a028
EXP0161,mol_0161,COc1ccc(C(OC(C)(C)C)OC(C)(C)C)cc1,acetal,CC(C)(C)C,CC(C)(C)C,COc1ccc(C)cc1,C,train,21550,4.33344727,21550,"25¡æ, H2O",General acid catalysis of acetal hydrolysis. Hydrolysis of substituted benzaldehyde di-tert-butyl acetals,10.1021/ja00736a022
EXP0162,mol_0162,Cc1ccc(C(OC(C)(C)C)OC(C)(C)C)cc1,acetal,CC(C)(C)C,CC(C)(C)C,Cc1ccc(C)cc1,C,test,12300,4.08990511,12300,"25¡æ, H2O",General acid catalysis of acetal hydrolysis. Hydrolysis of substituted benzaldehyde di-tert-butyl acetals,10.1021/ja00736a022
EXP0163,mol_0163,CC(C)(C)OC(OC(C)(C)C)c1ccccc1,acetal,CC(C)(C)C,CC(C)(C)C,Cc1ccccc1,C,train,3310,3.51982799,3310,"25¡æ, H2O",General acid catalysis of acetal hydrolysis. Hydrolysis of substituted benzaldehyde di-tert-butyl acetals,10.1021/ja00736a022
EXP0164,mol_0164,CC(C)(C)OC(OC(C)(C)C)c1ccc(Cl)cc1,acetal,CC(C)(C)C,CC(C)(C)C,Cc1ccc(Cl)cc1,C,train,238,2.37657696,238,"25¡æ, H2O",General acid catalysis of acetal hydrolysis. Hydrolysis of substituted benzaldehyde di-tert-butyl acetals,10.1021/ja00736a022
EXP0165,mol_0165,CC(C)(C)OC(OC(C)(C)C)c1c(Cl)cccc1Cl,acetal,CC(C)(C)C,CC(C)(C)C,Cc1c(Cl)cccc1Cl,C,test,14.73969,1.16848835,8.42,"25¡æ, H2O/dioxane(80:20)",General acid catalysis of acetal hydrolysis. Hydrolysis of substituted benzaldehyde di-tert-butyl acetals,10.1021/ja00736a022
EXP0166,mol_0166,CCCC(OCC)OCC,acetal,CCC,CCC,CCCC,C,train,4.68113,0.6703507,0.475,"30¡æ, H2O/dioxane(50:50)","Acid-catalyzed hydrolysis of 2-phenyl-2,4,4,5,5-pentamethyl-1,3-dioxolane and tetramethylethylene glycol acetals of aromatic and aliphatic aldehydes",10.1021/jo01275a027
EXP0167,mol_0167,O=C(O)c1ccccc1OCOCC(F)(F)F,acetal,Cc1ccccc1C(=O)O,CCC(F)(F)F,C,C,train,1.6071e-05,-4.7939571,2.5e-5,"30¡æ, H2O",Electrostatic catalysis. IV. Intramolecular carboxyl group electrostatic facilitation of the A-1-catalyzed hydrolysis of alkyl phenyl acetals of formaldehyde. Influence of oxocarbonium ion stability,10.1021/ja00751a025
EXP0168,mol_0168,CCOCOc1ccccc1C(=O)O,acetal,Cc1ccccc1C(=O)O,CCC,C,C,test,0.02089,-1.68006156,0.0325,"30¡æ, H2O",Electrostatic catalysis. IV. Intramolecular carboxyl group electrostatic facilitation of the A-1-catalyzed hydrolysis of alkyl phenyl acetals of formaldehyde. Influence of oxocarbonium ion stability,10.1021/ja00751a025
EXP0169,mol_0169,COCOc1ccccc1C(=O)O,acetal,Cc1ccccc1C(=O)O,CC,C,C,train,0.006,-2.22184875,0.00933333333333333,"30¡æ, H2O",Electrostatic catalysis. IV. Intramolecular carboxyl group electrostatic facilitation of the A-1-catalyzed hydrolysis of alkyl phenyl acetals of formaldehyde. Influence of oxocarbonium ion stability,10.1021/ja00751a025
EXP0170,mol_0170,O=C(O)c1ccccc1OCOCc1ccccc1,acetal,Cc1ccccc1C(=O)O,CCc1ccccc1,C,C,train,0.00236,-2.627088,0.00366666666666667,"30¡æ, H2O",Electrostatic catalysis. IV. Intramolecular carboxyl group electrostatic facilitation of the A-1-catalyzed hydrolysis of alkyl phenyl acetals of formaldehyde. Influence of oxocarbonium ion stability,10.1021/ja00751a025
EXP0171,mol_0171,O=C(O)c1ccccc1OCOc1ccccc1C(=O)O,acetal,Cc1ccccc1C(=O)O,Cc1ccccc1C(=O)O,C,C,train,2.01423e-05,-4.69589094,3.13333333333333e-5,"30¡æ, H2O",Electrostatic catalysis. IV. Intramolecular carboxyl group electrostatic facilitation of the A-1-catalyzed hydrolysis of alkyl phenyl acetals of formaldehyde. Influence of oxocarbonium ion stability,10.1021/ja00751a025
EXP0172,mol_0172,COCOc1ccccc1,acetal,Cc1ccccc1,CC,C,C,train,0.000450635,-3.34617508,0.0186666666666667,"56¡æ, H2O",Steric and electronic effects on the neighboring general acid catalyzed hydrolysis of methyl phenyl acetals of formaldehyde,10.1021/ja00711a035
EXP0173,mol_0173,COCOc1ccccc1Cl,acetal,Cc1ccccc1Cl,CC,C,C,train,0.000426494,-3.37008707,0.0176666666666667,"56¡æ, H2O",Steric and electronic effects on the neighboring general acid catalyzed hydrolysis of methyl phenyl acetals of formaldehyde,10.1021/ja00711a035
EXP0174,mol_0174,COCOc1ccc(Cl)cc1,acetal,Cc1ccc(Cl)cc1,CC,C,C,train,0.000402353,-3.39539276,0.0166666666666667,"56¡æ, H2O",Steric and electronic effects on the neighboring general acid catalyzed hydrolysis of methyl phenyl acetals of formaldehyde,10.1021/ja00711a035
EXP0175,mol_0175,COCOc1ccc([N+](=O)[O-])cc1,acetal,Cc1ccc([N+](=O)[O-])cc1,CC,C,C,train,0.000284866,-3.54535938,0.0118,"56¡æ, H2O",Steric and electronic effects on the neighboring general acid catalyzed hydrolysis of methyl phenyl acetals of formaldehyde,10.1021/ja00711a035
EXP0176,mol_0176,COCOc1ccccc1C(=O)OC,acetal,COC(=O)c1ccccc1C,CC,C,C,train,0.00113,-2.94692156,0.047,"56¡æ, H2O",Steric and electronic effects on the neighboring general acid catalyzed hydrolysis of methyl phenyl acetals of formaldehyde,10.1021/ja00711a035
EXP0177,mol_0177,COCOc1ccc(C(=O)O)cc1,acetal,Cc1ccc(C(=O)O)cc1,CC,C,C,test,0.000402353,-3.39539276,0.0166666666666667,"56¡æ, H2O",Steric and electronic effects on the neighboring general acid catalyzed hydrolysis of methyl phenyl acetals of formaldehyde,10.1021/ja00711a035
EXP0178,mol_0178,COCOc1c(C(=O)OC)cccc1C(=O)OC,acetal,COC(=O)c1cccc(C(=O)OC)c1C,CC,C,C,test,0.00402,-2.39577395,0.166666666666667,"56¡æ, H2O",Steric and electronic effects on the neighboring general acid catalyzed hydrolysis of methyl phenyl acetals of formaldehyde,10.1021/ja00711a035
EXP0179,mol_0179,COCOc1c(C(=O)O)cccc1C(=O)O,acetal,Cc1c(C(=O)O)cccc1C(=O)O,CC,C,C,train,0.05357,-1.27107835,0.0833333333333333,"30¡æ, H2O",Steric and electronic effects on the neighboring general acid catalyzed hydrolysis of methyl phenyl acetals of formaldehyde,10.1021/ja00711a035
EXP0180,mol_0180,COCOc1c(C)cccc1C(=O)OC,acetal,COC(=O)c1cccc(C)c1C,CC,C,C,train,0.00468,-2.32975415,0.194,"56¡æ, H2O",Steric and electronic effects on the neighboring general acid catalyzed hydrolysis of methyl phenyl acetals of formaldehyde,10.1021/ja00711a035
EXP0181,mol_0181,COCOc1c(C)cccc1C(=O)O,acetal,Cc1cccc(C(=O)O)c1C,CC,C,C,train,0.02143,-1.66897783,0.0333333333333333,"30¡æ, H2O",Steric and electronic effects on the neighboring general acid catalyzed hydrolysis of methyl phenyl acetals of formaldehyde,10.1021/ja00711a035
EXP0182,mol_0182,COCOc1c(C(=O)OC)cccc1[N+](=O)[O-],acetal,COC(=O)c1cccc([N+](=O)[O-])c1C,CC,C,C,train,0.00352,-2.45345734,0.146,"56¡æ, H2O",Steric and electronic effects on the neighboring general acid catalyzed hydrolysis of methyl phenyl acetals of formaldehyde,10.1021/ja00711a035
EXP0183,mol_0183,COCOc1c(C(=O)O)cccc1[N+](=O)[O-],acetal,Cc1c(C(=O)O)cccc1[N+](=O)[O-],CC,C,C,train,0.42856,-0.36798837,0.666666666666667,"30¡æ, H2O",Steric and electronic effects on the neighboring general acid catalyzed hydrolysis of methyl phenyl acetals of formaldehyde,10.1021/ja00711a035
EXP0184,mol_0184,COCOc1ccc([N+](=O)[O-])cc1C(=O)O,acetal,Cc1ccc([N+](=O)[O-])cc1C(=O)O,CC,C,C,train,0.0164,-1.78515615,0.00166666666666667,"30¡æ, H2O/dioxane(50:50)",Neighboring carboxyl group catalysis of hydrolysis of methyl phenyl acetals of formaldehyde. Electrostatic and solvent effects,10.1021/ja00725a034
