Molecule_ID,SMILES,R4:FractionCSP3,R3:HeavyAtomCount,R4:MolLogP,R3:MolWt,R3:MolLogP,R1:HeteroAtomCount,R1:MolWt,R3:NumAromaticRings,R1:FractionCSP3,R1:HeavyAtomCount,R3:RingCount,R4:MolWt,R1:NumAromaticRings,R4:HeavyAtomCount,R1:HalogenCount,R1:RingCount,R2:HalogenCount,R1:TPSA,R3:FractionCSP3,R1:NumHDonors,R2:HeteroAtomCount,R1:NumHAcceptors,R3:NumHAcceptors,R1:MolLogP,R3_VIP,R3_HOMO,R3_ODI_LUMO_Add1,R3_E_HOMO(N-1),R3_X,R1_Volume,R2_Volume,R3_Volume,R4_Volume,Cacetal-s-,Cacetal-q(N+1),Cacetal-q(N),Overall_Average,E_HOMO(N-1),Pos_Average,VIP,Polar_Area,g_MolWt,g_HeavyAtomCount,g_HeteroAtomCount,g_HalogenCount,g_FormalCharge,g_NumValenceElectrons,g_NumRadicalElectrons,g_NumHAcceptors,g_NumHDonors,g_TPSA,Experimental_log_kH,Train_test_split
EXP0001,CCOC(C)OCC,1,2,0.6361,30.07,1.0262,0,44.097,0,1,3,0,16.043,0,1,0,0,0,0,1,0,0,0,0,1.4163,0.330451,-0.334193,13.07,-0.391093,0.12226,594.14832,594.14832,436.72073,279.61408,0.16753334,0.058933333,0.121533334,-0.000542813,-0.30435833,0.01370483,0.24831466,41.296665,118.176,8,2,0,0,50,0,2,0,18.46,0.58000412,train
EXP0002,CCOC(OCC)C(C)C,1,4,0.6361,58.124,1.6623,0,44.097,0,1,3,0,16.043,0,1,0,0,0,0,1,0,0,0,0,1.4163,0.305326,-0.311233,10.87,-0.36235,0.116356,594.14832,594.14832,749.18697,279.61408,0.13853334,0.07743333,0.12103333,-0.000308687,-0.30596533,0.012708194,0.24849467,39.123333,146.23,10,2,0,0,62,0,2,0,18.46,0.40039637,train
EXP0003,CCOC(OCC)C(C)(C)C,1,5,0.6361,72.151,2.0524,0,44.097,0,1,3,0,16.043,0,1,0,0,0,0,1,0,0,0,0,1.4163,0.30191,-0.307804,7.84,-0.35245,0.119151,594.14832,594.14832,899.98739,279.61408,0.12593333,0.0883,0.1222,-0.000649243,-0.30598834,0.012155537,0.24844667,36.926666,160.257,11,2,0,0,68,0,2,0,18.46,0.45971055,train
EXP0004,CCOC(CC(C)C)OCC,1,5,0.6361,72.151,2.0524,0,44.097,0,1,3,0,16.043,0,1,0,0,0,0,1,0,0,0,0,1.4163,0.296322,-0.301867,8.59,-0.350002,0.110827,594.14832,594.14832,901.85128,279.61408,0.16163333,0.060833335,0.12116667,-0.000312417,-0.301458,0.011967924,0.24550833,33.893333,160.257,11,2,0,0,68,0,2,0,18.46,0.4082688,train
EXP0005,CCOC(CO)OCC,1,3,0.6361,46.069,-0.0014,0,44.097,0,1,3,0,16.043,0,1,0,0,0,0,1,0,0,0,1,1.4163,0.266542,-0.266789,12.52,-0.377954,0.105375,594.14832,594.14832,500.38591,279.61408,0.1644,0.07926667,0.1148,-0.00074695,-0.29666534,0.017643522,0.24856767,51.9,134.175,9,3,0,0,56,0,3,1,38.69,-1.88672531,train
EXP0006,CCOC(CC)OCC,1,3,0.6361,44.097,1.4163,0,44.097,0,1,3,0,16.043,0,1,0,0,0,0,1,0,0,0,0,1.4163,0.312695,-0.318256,11.07,-0.374522,0.116066,594.14832,594.14832,594.14832,279.61408,0.1499,0.0729,0.12083333,-0.000913743,-0.30241168,0.01253759,0.25034267,38.676666,132.203,9,2,0,0,56,0,2,0,18.46,0.61206403,train
EXP0007,CCOC(Cc1ccccc1)OCC,1,8,0.6361,106.168,2.249,0,44.097,1,1,3,1,16.043,0,1,0,0,0,0,0.25,0,0,0,0,1.4163,0.229781,-0.237194,14.61,-0.287178,0.117991,594.14832,594.14832,1083.40181,279.61408,0.0955,0.11683334,0.12263333,-0.002037993,-0.26713768,0.012974537,0.231429,42.826668,194.274,14,2,0,0,78,0,2,0,18.46,-0.87494185,train
EXP0008,CCOC(CCl)OCC,1,3,0.6361,64.515,1.2451,0,44.097,0,1,3,0,16.043,0,1,0,0,0,0,1,0,0,0,0,1.4163,0.303946,-0.29182,13.93,-0.387939,0.13833,594.14832,594.14832,584.03237,279.61408,0.1633,0.08293334,0.120733336,0.00046853,-0.30588168,0.02052082,0.256993,62.9,152.621,9,3,1,0,56,0,2,0,18.46,-3.80160962,train
EXP0009,CCOC(OCC)C(CC)CC,1,6,0.6361,86.178,2.4425,0,44.097,0,1,3,0,16.043,0,1,0,0,0,0,1,0,0,0,0,1.4163,0.288049,-0.294467,7.05,-0.341068,0.107624,594.14832,594.14832,1051.4122,279.61408,0.15693334,0.0573,0.12173333,-0.0005143,-0.29910633,0.011026383,0.24653167,32.05,174.284,12,2,0,0,74,0,2,0,18.46,0.67970764,test
EXP0010,CCOC(CCc1ccccc1)OCC,1,9,0.6361,120.195,2.6391,0,44.097,1,1,3,1,16.043,0,1,0,0,0,0,0.333333333333333,0,0,0,0,1.4163,0.229113,-0.23655,14.77,-0.286472667,0.117802333333333,594.14832,594.14832,1238.77179,279.61408,0.046833333,0.1187,0.1214,-0.000865247,-0.26109934,0.013988056,0.229319,45.453335,208.301,15,2,0,0,84,0,2,0,18.46,-0.35505946,train
EXP0011,CCOCOCC,1,1,0.6361,16.043,0.6361,0,44.097,0,1,3,0,16.043,0,1,0,0,0,0,1,0,0,0,0,1.4163,0.382793,-0.383609,28.36,-0.476302,0.144823,594.14832,594.14832,279.61408,279.61408,0.2034,-0.004833333,0.09386667,-0.00012611,-0.30515066,0.012115466,0.256313,39.103333,104.149,7,2,0,0,44,0,2,0,18.46,-3.1984975,train
EXP0012,CCOC(C)(C)OCC,1,2,1.0262,30.07,1.0262,0,44.097,0,1,3,0,30.07,0,2,0,0,0,0,1,0,0,0,0,1.4163,0.330451,-0.334193,13.07,-0.391093,0.12226,594.14832,594.14832,436.72073,436.72073,0.13713333,0.1336,0.1508,-0.00150611,-0.29517335,0.012731023,0.24469067,38.586666,132.203,9,2,0,0,56,0,2,0,18.46,4.06177046,train
EXP0013,CCOC(C)(CC(C)(C)C)OCC,1,6,1.0262,86.178,2.4425,0,44.097,0,1,3,0,30.07,0,2,0,0,0,0,1,0,0,0,0,1.4163,0.290422,-0.295857,7.82,-0.34476,0.112272,594.14832,594.14832,1047.77658,436.72073,0.1298,0.14316666,0.1537,-0.000631447,-0.29345635,0.0112275,0.24346867,30.34,188.311,13,2,0,0,80,0,2,0,18.46,5.14934045,test
EXP0014,CCOC(C)(CC)OCC,1,3,1.0262,44.097,1.4163,0,44.097,0,1,3,0,30.07,0,2,0,0,0,0,1,0,0,0,0,1.4163,0.312695,-0.318256,11.07,-0.374522,0.116066,594.14832,594.14832,594.14832,436.72073,0.11033333,0.13966666,0.15013333,-0.000595447,-0.30121133,0.010441673,0.24771,27.346666,146.23,10,2,0,0,62,0,2,0,18.46,4.04288512,train
EXP0015,CCOC(C=Cc1ccccc1)OCC,1,9,0.6361,118.179,2.7197,0,44.097,1,1,3,1,16.043,0,1,0,0,0,0,0.111111111111111,0,0,0,0,1.4163,0.205521,-0.213487,16.14,-0.270193,0.120335,594.14832,594.14832,1178.57019,279.61408,0.0959,0.09576666,0.11773334,-0.001896227,-0.27262166,0.0134946,0.21502733,45.683334,206.285,15,2,0,0,82,0,2,0,18.46,3.36739621,test
EXP0016,CCOC(C)(CCl)OCC,1,3,1.0262,64.515,1.2451,0,44.097,0,1,3,0,30.07,0,2,0,0,0,0,1,0,0,0,0,1.4163,0.303946,-0.29182,13.93,-0.387939,0.13833,594.14832,594.14832,584.03237,436.72073,0.12296667,0.124966666,0.1494,1.6663333e-05,-0.30066165,0.017279623,0.25569433,51.79,166.648,10,3,1,0,62,0,2,0,18.46,0.12005049,train
EXP0017,CCOCC(OCC)OCC,1,5,0.6361,74.123,1.0428,0,44.097,0,1,3,0,16.043,0,1,0,0,0,0,1,0,0,0,1,1.4163,0.248082,-0.251502,7.74,-0.361678,0.084984,594.14832,594.14832,823.9702,279.61408,0.0894,0.06893333,0.11613333,-0.00290671,-0.27897066,0.011595533,0.24754134,37.123333,162.229,11,3,0,0,68,0,3,0,27.69,-1.87909718,train
EXP0018,CCOC(C)(Cc1ccccc1)OCC,1,8,1.0262,106.168,2.249,0,44.097,1,1,3,1,30.07,0,2,0,0,0,0,0.25,0,0,0,0,1.4163,0.229781,-0.237194,14.61,-0.287178,0.117991,594.14832,594.14832,1083.40181,436.72073,0.10063333,0.1479,0.153,-0.002842763,-0.26880768,0.013377213,0.227539,42.673332,208.301,15,2,0,0,84,0,2,0,18.46,3.11240933,train
EXP0019,CCOC(C)(COc1ccccc1)OCC,1,9,1.0262,122.167,2.0853,0,44.097,1,1,3,1,30.07,0,2,0,0,0,0,0.25,0,0,0,1,1.4163,0.210811,-0.217744,15.16,-0.286615,0.110136,594.14832,594.14832,1147.28092666667,436.72073,0.0185,0.14393333,0.14623334,-0.00196169,-0.26605067,0.01444624,0.214328,44.433334,224.3,16,3,0,0,90,0,3,0,27.69,0.72962072,test
EXP0020,CCOC(C)(CO)OCC,1,3,1.0262,46.069,-0.0014,0,44.097,0,1,3,0,30.07,0,2,0,0,0,0,1,0,0,0,1,1.4163,0.266542,-0.266789,12.52,-0.377954,0.105375,594.14832,594.14832,500.38591,436.72073,0.13996667,0.1294,0.1433,1.499e-05,-0.29503933,0.01664921,0.24918066,46.32,148.202,10,3,0,0,62,0,3,1,38.69,2.25001062,train
EXP0021,CCOC(C)(COC(C)=O)OCC,1,6,1.0262,88.106,0.5694,0,44.097,0,1,3,0,30.07,0,2,0,0,0,0,0.75,0,0,0,2,1.4163,0.277681,-0.279154,8.07,-0.357282,0.136391,594.14832,594.14832,822.49312,436.72073,0.16536666,0.1393,0.14556667,-0.001766933,-0.292964,0.015119,0.25085032,49.58,190.239,13,4,0,0,78,0,4,0,44.76,0.54348694,train
EXP0022,CCOC(C)(CBr)OCC,1,3,1.0262,108.966,1.4012,0,44.097,0,1,3,0,30.07,0,2,0,0,0,0,1,0,0,0,0,1.4163,0.291424,-0.264614,13.47,-0.381412,0.137114,594.14832,594.14832,632.39219,436.72073,0.111666664,0.1255,0.14736667,0.000602363,-0.29850632,0.017031843,0.25477266,49.103333,211.099,10,3,1,0,62,0,2,0,18.46,0.32543151,test
EXP0023,CCOC(OCC)c1ccccc1,1,7,0.6361,92.141,1.99502,0,44.097,1,1,3,1,16.043,0,1,0,0,0,0,0.142857142857143,0,0,0,0,1.4163,0.229673,-0.237023,14.94,-0.287968,0.118006,594.14832,594.14832,926.39695,279.61408,0.10153333,0.09233333,0.120866664,-0.00248828,-0.281835,0.013075327,0.23784333,45.166668,180.247,13,2,0,0,72,0,2,0,18.46,2.03497203,train
EXP0024,CC=CC(OCC)OCC,1,4,0.6361,56.108,1.5824,0,44.097,0,1,3,0,16.043,0,1,0,0,0,0,0.5,0,0,0,0,1.4163,0.229128,-0.234595,10.52,-0.331302,0.100633,594.14832,594.14832,694.03708,279.61408,0.1331,0.073133335,0.117,-0.001668473,-0.28722835,0.01167947,0.23957734,37.113335,144.214,10,2,0,0,60,0,2,0,18.46,3.65976889,train
EXP0025,COC(C)OC,1,2,0.6361,30.07,1.0262,0,30.07,0,1,2,0,16.043,0,1,0,0,0,0,1,0,0,0,0,1.0262,0.330451,-0.334193,13.07,-0.391093,0.12226,436.72073,436.72073,436.72073,279.61408,0.1697,0.0692,0.1222,-0.00060514,-0.307566,0.01592891,0.254106,52.57,90.122,6,2,0,0,38,0,2,0,18.46,-0.58695183,test
EXP0026,COC(CCl)OC,1,3,0.6361,64.515,1.2451,0,30.07,0,1,2,0,16.043,0,1,0,0,0,0,1,0,0,0,0,1.0262,0.303946,-0.29182,13.93,-0.387939,0.13833,436.72073,436.72073,584.03237,279.61408,0.152,0.0824,0.1195,0.000974907,-0.312756,0.020824626,0.261323,70.206665,124.567,7,3,1,0,44,0,2,0,18.46,-7.06389712,train
EXP0027,COC(OC)c1ccccc1,1,7,0.6361,92.141,1.99502,0,30.07,1,1,2,1,16.043,0,1,0,0,0,0,0.142857142857143,0,0,0,0,1.0262,0.229673,-0.237023,14.94,-0.287968,0.118006,436.72073,436.72073,926.39695,279.61408,0.09686667,0.0923,0.1218,-0.002617463,-0.28471234,0.015225677,0.23936367,53.66,152.193,11,2,0,0,60,0,2,0,18.46,1.69841549,train
EXP0028,COC(C)(C)OC,1,2,1.0262,30.07,1.0262,0,30.07,0,1,2,0,30.07,0,2,0,0,0,0,1,0,0,0,0,1.0262,0.330451,-0.334193,13.07,-0.391093,0.12226,436.72073,436.72073,436.72073,436.72073,0.1373,0.1319,0.1506,-0.000547793,-0.301287,0.014757167,0.249477,47.17,104.149,7,2,0,0,44,0,2,0,18.46,3.0042931,test
EXP0029,COC(C)(CCl)OC,1,3,1.0262,64.515,1.2451,0,30.07,0,1,2,0,30.07,0,2,0,0,0,0,1,0,0,0,0,1.0262,0.303946,-0.29182,13.93,-0.387939,0.13833,436.72073,436.72073,584.03237,436.72073,0.13433333,0.12436666,0.14933333,0.000548627,-0.30709368,0.0203878,0.25679433,65.46,138.594,8,3,1,0,50,0,2,0,18.46,-4.33856784,train
EXP0030,COC(C)(OC)c1ccccc1,1,7,1.0262,92.141,1.99502,0,30.07,1,1,2,1,30.07,0,2,0,0,0,0,0.142857142857143,0,0,0,0,1.0262,0.229673,-0.237023,14.94,-0.287968,0.118006,436.72073,436.72073,926.39695,436.72073,0.057033334,0.13003333,0.15176667,-0.002053097,-0.27796733,0.013268864,0.23864433,44.273335,166.22,12,2,0,0,66,0,2,0,18.46,3.2041191,train
EXP0031,CCOC(C)(OCC)c1ccccc1,1,7,1.0262,92.141,1.99502,0,44.097,1,1,3,1,30.07,0,2,0,0,0,0,0.142857142857143,0,0,0,0,1.4163,0.229673,-0.237023,14.94,-0.287968,0.118006,594.14832,594.14832,926.39695,436.72073,0.060733333,0.13323334,0.15303333,-0.002155967,-0.27774966,0.010704073,0.236674,33.36,194.274,14,2,0,0,78,0,2,0,18.46,3.57051231,train
EXP0032,CCOC(OCC)c1ccc(OC)cc1,1,9,0.6361,122.167,2.00362,0,44.097,1,1,3,1,16.043,0,1,0,0,0,0,0.25,0,0,0,1,1.4163,0.205402,-0.212183,13.83,-0.276421,0.106847,594.14832,594.14832,1148.42581,279.61408,0.07633334,0.1042,0.119833335,-0.002784463,-0.27263168,0.014141207,0.212973,48.786667,210.273,15,3,0,0,84,0,3,0,27.69,3.64103692,test
EXP0033,CCOC(OCC)c1ccc(C)cc1,1,8,0.6361,106.168,2.30344,0,44.097,1,1,3,1,16.043,0,1,0,0,0,0,0.25,0,0,0,0,1.4163,0.219918,-0.227163,13.63,-0.284521,0.112745,594.14832,594.14832,1081.79233,279.61408,0.087966666,0.092366666,0.1203,-0.002617307,-0.277309,0.012018,0.228782,39.38,194.274,14,2,0,0,78,0,2,0,18.46,2.77081951,train
EXP0034,CCOC(OCC)c1ccc(Cl)cc1,1,8,0.6361,126.586,2.64842,0,44.097,1,1,3,1,16.043,0,1,0,0,0,0,0.142857142857143,0,0,0,0,1.4163,0.231066,-0.236064,14.26,-0.297193,0.123561,594.14832,594.14832,1071.08016,279.61408,0.092933334,0.097833335,0.12393333,4.2273332e-05,-0.281823,0.014675457,0.239417,46.716667,214.692,14,3,1,0,78,0,2,0,18.46,1.43405063,train
EXP0035,CCOC(OCC)c1ccc([N+](=O)[O-])cc1,1,10,0.6361,137.138,1.90322,0,44.097,1,1,3,1,16.043,0,1,0,0,0,0,0.142857142857143,0,0,0,2,1.4163,0.259401,-0.261729,15.99,-0.300282,0.179133,594.14832,594.14832,1113.18661,279.61408,0.22096667,0.11573333,0.12613334,0.00343053,-0.28962666,0.020602396,0.25318232,58.71,225.244,16,5,0,0,88,0,4,0,61.6,-0.55942149,train
EXP0036,CCOC(OCC)c1cccc(OC)c1,1,9,0.6361,122.167,2.00362,0,44.097,1,1,3,1,16.043,0,1,0,0,0,0,0.25,0,0,0,1,1.4163,0.209736,-0.217031,14.77,-0.276943,0.109137,594.14832,594.14832,1147.85039,279.61408,0.0504,0.09616667,0.12303333,-0.002913897,-0.26860365,0.013894323,0.21397367,48.926666,210.273,15,3,0,0,84,0,3,0,27.69,1.83184847,train
EXP0037,CCOC(OCC)c1cccc(C)c1,1,8,0.6361,106.168,2.30344,0,44.097,1,1,3,1,16.043,0,1,0,0,0,0,0.25,0,0,0,0,1.4163,0.223631,-0.231274,15.12,-0.279479,0.113495,594.14832,594.14832,1081.65326,279.61408,0.0632,0.0919,0.1207,-0.002451233,-0.27121067,0.01200862,0.230664,40.43667,194.274,14,2,0,0,78,0,2,0,18.46,2.24384006,train
EXP0038,CCOC(OCC)c1cccc([N+](=O)[O-])c1,1,10,0.6361,137.138,1.90322,0,44.097,1,1,3,1,16.043,0,1,0,0,0,0,0.142857142857143,0,0,0,2,1.4163,0.249613,-0.257165,15.38,-0.310628,0.174773,594.14832,594.14832,1113.57245,279.61408,0.2189,0.1193,0.12565,0.002095675,-0.291529,0.019637786,0.2533225,58.53,225.244,16,5,0,0,88,0,4,0,61.6,-0.42991261,train
EXP0039,COCOC,1,1,0.6361,16.043,0.6361,0,30.07,0,1,2,0,16.043,0,1,0,0,0,0,1,0,0,0,0,1.0262,0.382793,-0.383609,28.36,-0.476302,0.144823,436.72073,436.72073,279.61408,279.61408,0.2342,-0.0106,0.0959,-0.00028188,-0.306866,0.01666675,0.25631,61.03,76.095,5,2,0,0,32,0,2,0,18.46,-3.94322469,train
EXP0040,COC(OC)OC,1,3,0.6361,46.069,0.2626,0,30.07,0,1,2,0,16.043,0,1,0,0,0,0,1,0,0,0,1,1.0262,0.252544,-0.254576,14.39,-0.396432,0.087919,436.72073,436.72073,509.0835,279.61408,0.17305,0.085,0.1789,-0.001668105,-0.3159685,0.01845465,0.2668175,64.67,106.121,7,3,0,0,44,0,3,0,27.69,2.80150267,train
EXP0041,CCOC(OCC)OCC,1,4,0.6361,60.096,0.6527,0,44.097,0,1,3,0,16.043,0,1,0,0,0,0,1,0,0,0,1,1.4163,0.25,-0.253017,11.57,-0.369292,0.08614,594.14832,594.14832,666.59669,279.61408,0.1707,0.101,0.1772,-0.001023143,-0.30722067,0.01484493,0.25992,47.213333,148.202,10,3,0,0,62,0,3,0,27.69,3.40356267,test
EXP0042,CCOC(C)(OCC)OCC,1,4,1.0262,60.096,0.6527,0,44.097,0,1,3,0,30.07,0,2,0,0,0,0,1,0,0,0,1,1.4163,0.25,-0.253017,11.57,-0.369292,0.08614,594.14832,594.14832,666.59669,436.72073,0.11705,0.1954,0.20755,-0.00265133,-0.3004555,0.01165995,0.2602445,37.4,162.229,11,3,0,0,68,0,3,0,27.69,4.8507207,train
EXP0043,COC(OC)(OC)OC,1,3,0.2626,46.069,0.2626,0,30.07,0,1,2,0,46.069,0,3,0,0,0,0,1,0,0,0,1,1.0262,0.252544,-0.254576,14.39,-0.396432,0.087919,436.72073,436.72073,509.0835,509.0835,0.09166667,0.2418,0.26496667,-0.003741693,-0.312011,0.010688427,0.27672833,35.65,136.147,9,4,0,0,56,0,4,0,36.92,1.63401159,train
EXP0044,CCOC(OCC)(OCC)OCC,1,4,0.6527,60.096,0.6527,0,44.097,0,1,3,0,60.096,0,4,0,0,0,0,1,0,0,0,1,1.4163,0.25,-0.253017,11.57,-0.369292,0.08614,594.14832,594.14832,666.59669,666.59669,0.089933336,0.2548,0.26496667,-0.00306481,-0.304769,0.007393037,0.27126634,21.42,192.255,13,4,0,0,80,0,4,0,36.92,2.40356266,train
EXP0045,COc1ccc(C(OC)OC)cc1,1,9,0.6361,122.167,2.00362,0,30.07,1,1,2,1,16.043,0,1,0,0,0,0,0.25,0,0,0,1,1.0262,0.205402,-0.212183,13.83,-0.276421,0.106847,436.72073,436.72073,1148.42581,279.61408,0.0767,0.107366666,0.1206,-0.0030485,-0.27680534,0.017358944,0.214088,59.33,182.219,13,3,0,0,72,0,3,0,27.69,3.30217773,train
EXP0046,COC(OC)c1ccc(C)cc1,1,8,0.6361,106.168,2.30344,0,30.07,1,1,2,1,16.043,0,1,0,0,0,0,0.25,0,0,0,0,1.0262,0.219918,-0.227163,13.63,-0.284521,0.112745,436.72073,436.72073,1081.79233,279.61408,0.0855,0.0921,0.1211,-0.00262968,-0.28082666,0.013424103,0.23016733,46.136665,166.22,12,2,0,0,66,0,2,0,18.46,2.29817505,train
EXP0047,COC(OC)c1ccccc1Cl,1,8,0.6361,126.586,2.64842,0,30.07,1,1,2,1,16.043,0,1,0,0,0,0,0.142857142857143,0,0,0,0,1.0262,0.235519,-0.240929,15.36,-0.290421,0.123939,436.72073,436.72073,1065.21563,279.61408,0.0602,0.09233333,0.11973333,-0.0023191,-0.280138,0.0173621,0.24193,57.036667,186.638,12,3,1,0,66,0,2,0,18.46,0.7330937,test
EXP0048,COC(OC)c1cccc(Br)c1,1,8,0.6361,171.037,2.75752,0,30.07,1,1,2,1,16.043,0,1,0,0,0,0,0.142857142857143,0,0,0,0,1.0262,0.234322,-0.236761,15.13,-0.290627,0.123163,436.72073,436.72073,1119.65666,279.61408,0.07186667,0.0956,0.12443333,-0.001020917,-0.27816334,0.01944606,0.24148867,61.866665,231.089,12,3,1,0,66,0,2,0,18.46,-0.16007595,train
EXP0049,CC(C)(C)COC(OCC(C)(C)C)c1ccccc1,1,7,0.6361,92.141,1.99502,0,86.178,1,1,6,1,16.043,0,1,0,0,0,0,0.142857142857143,0,0,0,0,2.4425,0.229673,-0.237023,14.94,-0.287968,0.118006,1047.77658,1047.77658,926.39695,279.61408,0.080866665,0.095,0.12336667,-0.002018403,-0.27817968,0.010809403,0.24045233,31.013334,264.409,19,2,0,0,108,0,2,0,18.46,1.57471876,train
EXP0050,COCCOC(OCCOC)c1ccccc1,1,7,0.6361,92.141,1.99502,1,74.123,1,1,5,1,16.043,0,1,0,0,0,9.23,0.142857142857143,0,1,1,0,1.0428,0.229673,-0.237023,14.94,-0.287968,0.118006,821.49438,821.49438,926.39695,279.61408,0.096266665,0.095866665,0.12576666,-0.002577803,-0.259638,0.014211107,0.23772667,48.99,240.299,17,4,0,0,96,0,4,0,36.92,0.98489305,train
EXP0051,ClCCOC(OCCCl)c1ccccc1,1,7,0.6361,92.141,1.99502,1,78.542,1,1,4,1,16.043,0,1,1,0,1,0,0.142857142857143,0,1,0,0,1.6352,0.229673,-0.237023,14.94,-0.287968,0.118006,738.52987,738.52987,926.39695,279.61408,0.0903,0.095466666,0.12566666,0.001154867,-0.28614968,0.026337214,0.23978767,68.666664,249.137,15,4,2,0,84,0,2,0,18.46,0.31909148,train
EXP0052,COc1ccc(C(C)(OC)OC)cc1,1,9,1.0262,122.167,2.00362,0,30.07,1,1,2,1,30.07,0,2,0,0,0,0,0.25,0,0,0,1,1.0262,0.205402,-0.212183,13.83,-0.276421,0.106847,436.72073,436.72073,1148.42581,436.72073,0.053133335,0.1418,0.1511,-0.00306419,-0.272991,0.015671236,0.21331267,55.126667,196.246,14,3,0,0,78,0,3,0,27.69,3.96378783,train
EXP0053,COC(C)(OC)c1ccc(C)cc1,1,8,1.0262,106.168,2.30344,0,30.07,1,1,2,1,30.07,0,2,0,0,0,0,0.25,0,0,0,0,1.0262,0.219918,-0.227163,13.63,-0.284521,0.112745,436.72073,436.72073,1081.79233,436.72073,0.05183333,0.13333334,0.1511,-0.001626313,-0.27513734,0.012299503,0.22913466,38.583332,180.247,13,2,0,0,72,0,2,0,18.46,3.56820172,train
EXP0054,COC(C)(OC)c1ccc(Cl)cc1,1,8,1.0262,126.586,2.64842,0,30.07,1,1,2,1,30.07,0,2,0,0,0,0,0.142857142857143,0,0,0,0,1.0262,0.231066,-0.236064,14.26,-0.297193,0.123561,436.72073,436.72073,1071.08016,436.72073,0.060366668,0.14036667,0.15276666,0.000215827,-0.278645,0.018681297,0.23957066,58.48,200.665,13,3,1,0,72,0,2,0,18.46,2.84509804,test
EXP0055,COC(C)(OC)c1ccc(Br)cc1,1,8,1.0262,171.037,2.75752,0,30.07,1,1,2,1,30.07,0,2,0,0,0,0,0.142857142857143,0,0,0,0,1.0262,0.230574,-0.232381,14.2,-0.298236,0.12267,436.72073,436.72073,1119.63813,436.72073,0.058366667,0.13173333,0.15276666,0.000364973,-0.277943,0.01732907,0.238714,51.34667,245.116,13,3,1,0,72,0,2,0,18.46,2.76342799,train
EXP0056,COC(C)(OC)c1cccc(Br)c1,1,8,1.0262,171.037,2.75752,0,30.07,1,1,2,1,30.07,0,2,0,0,0,0,0.142857142857143,0,0,0,0,1.0262,0.234322,-0.236761,15.13,-0.290627,0.123163,436.72073,436.72073,1119.65666,436.72073,0.033033334,0.1322,0.15326667,-7.60E-05,-0.27279,0.018529613,0.24232766,55.61,245.116,13,3,1,0,72,0,2,0,18.46,2.39794001,train
EXP0057,CCCOC(OCCC)c1ccc(N(C)C)cc1,1,10,0.6361,135.21,2.06102,0,58.124,1,1,4,1,16.043,0,1,0,0,0,0,0.333333333333333,0,0,0,1,1.8064,0.169149,-0.177543,12.54,-0.24339,0.085503,748.07952,748.07952,1334.43832,279.61408,0.068566665,0.1046,0.11823333,-0.0030196,-0.25590232,0.01212178,0.18296634,41.43,251.37,18,3,0,0,102,0,3,0,21.7,4.61335073,train
EXP0058,COC(OC)(OC)c1ccc(O)cc1,0.142857142857143,3,1.70062,46.069,0.2626,0,30.07,0,1,2,0,108.14,0,8,0,0,0,0,1,0,0,0,1,1.0262,0.252544,-0.254576,14.39,-0.396432,0.087919,436.72073,436.72073,509.0835,989.44716,0.0545,0.20163333,0.2092,-0.003206163,-0.28664234,0.01669043,0.21780866,45.5,198.218,14,4,0,0,78,0,4,1,47.92,2.35538766,train
EXP0059,COc1ccc(C(OC)(OC)OC)cc1,0.25,3,2.00362,46.069,0.2626,0,30.07,0,1,2,0,122.167,0,9,0,0,0,0,1,0,0,0,1,1.0262,0.252544,-0.254576,14.39,-0.396432,0.087919,436.72073,436.72073,509.0835,1148.42581,0.0524,0.2006,0.2092,-0.003610587,-0.28473067,0.014005637,0.21539667,46.88,212.245,15,4,0,0,84,0,4,0,36.92,2.20547504,test
EXP0060,COC(OC)(OC)c1ccc(C)cc1,0.25,3,2.30344,46.069,0.2626,0,30.07,0,1,2,0,106.168,0,8,0,0,0,0,1,0,0,0,1,1.0262,0.252544,-0.254576,14.39,-0.396432,0.087919,436.72073,436.72073,509.0835,1081.79233,0.0531,0.19176666,0.20906667,-0.003080117,-0.287345,0.011028663,0.232056,35.756668,196.246,14,3,0,0,78,0,3,0,27.69,2.09400503,train
EXP0061,COC(OC)(OC)c1ccccc1,0.142857142857143,3,1.99502,46.069,0.2626,0,30.07,0,1,2,0,92.141,0,7,0,0,0,0,1,0,0,0,1,1.0262,0.252544,-0.254576,14.39,-0.396432,0.087919,436.72073,436.72073,509.0835,926.39695,0.0528,0.1873,0.2101,-0.00333282,-0.290329,0.011859307,0.241648,41.326668,182.219,13,3,0,0,72,0,3,0,27.69,1.87020878,train
EXP0062,COC(OC)(OC)c1ccc(F)cc1,0.142857142857143,3,2.13412,46.069,0.2626,0,30.07,0,1,2,0,110.131,0,8,0,0,0,0,1,0,0,0,1,1.0262,0.252544,-0.254576,14.39,-0.396432,0.087919,436.72073,436.72073,509.0835,950.05423,0.0589,0.2018,0.21046667,-0.00160242,-0.286537,0.01473464,0.239637,49.52667,200.209,14,4,1,0,78,0,3,0,27.69,1.76839144,test
EXP0063,COC(OC)(OC)c1ccc(Cl)cc1,0.142857142857143,3,2.64842,46.069,0.2626,0,30.07,0,1,2,0,126.586,0,8,0,0,0,0,1,0,0,0,1,1.0262,0.252544,-0.254576,14.39,-0.396432,0.087919,436.72073,436.72073,509.0835,1071.08016,0.052766666,0.2029,0.21066667,-0.000593817,-0.291783,0.015089696,0.24237433,49.953335,216.664,14,4,1,0,78,0,3,0,27.69,1.60386583,train
EXP0064,COC(OC)(OC)c1ccc([N+](=O)[O-])cc1,0.142857142857143,3,1.90322,46.069,0.2626,0,30.07,0,1,2,0,137.138,0,10,0,0,0,0,1,0,0,0,1,1.0262,0.252544,-0.254576,14.39,-0.396432,0.087919,436.72073,436.72073,509.0835,1113.18661,0.0802,0.2039,0.2117,0.003049953,-0.29361433,0.019050043,0.26128566,65.253334,227.216,16,6,0,0,88,0,5,0,70.83,1.02802886,train
EXP0065,COc1ccc(OC(OC)c2ccccc2C(=O)O)cc1,1,10,0.6361,136.15,1.69322,1,122.167,1,0.25,9,1,16.043,1,1,0,1,0,9.23,0.125,0,0,1,1,2.00362,0.24071,-0.248214,15.42,-0.297231,0.148519,1148.42581,436.72073,1137.93905,279.61408,0.079,0.1115,0.1254,-0.003736373,-0.26224867,0.019845983,0.20066567,59.873333,288.299,21,5,0,0,110,0,4,1,64.99,1.25265695,train
EXP0066,COc1ccc(OC(OC)c2ccc(C(=O)O)cc2)cc1,1,10,0.6361,136.15,1.69322,1,122.167,1,0.25,9,1,16.043,1,1,0,1,0,9.23,0.125,0,0,1,1,2.00362,0.2424,-0.249714,15.92,-0.296182,0.148837,1148.42581,436.72073,1147.50539,279.61408,0.08896667,0.11156667,0.1298,-0.00113418,-0.26425934,0.02256686,0.207707,62.77667,288.299,21,5,0,0,110,0,4,1,64.99,1.16599234,train
EXP0067,COC(Oc1cccc(C)c1)c1ccccc1C(=O)O,1,10,0.6361,136.15,1.69322,0,106.168,1,0.25,8,1,16.043,1,1,0,1,0,0,0.125,0,0,0,1,2.30344,0.24071,-0.248214,15.42,-0.297231,0.148519,1081.65326,436.72073,1137.93905,279.61408,0.0861,0.1125,0.1259,-0.00398177,-0.264217,0.01624756,0.21812166,49.503334,272.3,20,4,0,0,104,0,3,1,55.76,0.97499224,train
EXP0068,COC(Oc1ccc(Cl)cc1)c1ccccc1C(=O)O,1,10,0.6361,136.15,1.69322,1,126.586,1,0.142857142857143,8,1,16.043,1,1,1,1,0,0,0.125,0,0,0,1,2.64842,0.24071,-0.248214,15.42,-0.297231,0.148519,1071.08016,436.72073,1137.93905,279.61408,0.088633336,0.11203333,0.12526667,-0.002282277,-0.265366,0.021151017,0.22364633,62.25,292.718,20,5,1,0,104,0,3,1,55.76,0.7733534,train
EXP0069,COC(Oc1cc(Cl)cc(Cl)c1)c1ccccc1C(=O)O,1,10,0.6361,136.15,1.69322,2,161.031,1,0.142857142857143,9,1,16.043,1,1,2,1,0,0,0.125,0,0,0,1,3.30182,0.24071,-0.248214,15.42,-0.297231,0.148519,1215.26706,436.72073,1137.93905,279.61408,0.08116667,0.11636667,0.13263333,0.00029953,-0.266355,0.022882957,0.23347834,52.383335,327.163,21,6,2,0,110,0,3,1,55.76,0.53358524,train
EXP0070,COC(Oc1cc(Cl)cc(Cl)c1)c1ccc(C(=O)O)cc1,1,10,0.6361,136.15,1.69322,2,161.031,1,0.142857142857143,9,1,16.043,1,1,2,1,0,0,0.125,0,0,0,1,3.30182,0.2424,-0.249714,15.92,-0.296182,0.148837,1215.26706,436.72073,1147.50539,279.61408,0.0985,0.1174,0.137,0.00313245,-0.2713675,0.022469085,0.2346625,42.835,327.163,21,6,2,0,110,0,3,1,55.76,0.48527839,test
EXP0071,COC(=O)c1ccccc1C(OC)Oc1cc(Cl)cc(Cl)c1,1,11,0.6361,150.177,1.78162,2,161.031,1,0.142857142857143,9,1,16.043,1,1,2,1,0,0,0.222222222222222,0,0,0,2,3.30182,0.239733,-0.247249,15.4,-0.293125,0.146311,1215.26706,436.72073,1298.10802,279.61408,0.08516667,0.11533333,0.12973334,0.000953287,-0.26632267,0.02046387,0.235013,49.97,341.19,22,6,2,0,116,0,4,0,44.76,0.44516969,train
EXP0072,COC(=O)c1ccc(C(OC)Oc2cc(Cl)cc(Cl)c2)cc1,1,11,0.6361,150.177,1.78162,2,161.031,1,0.142857142857143,9,1,16.043,1,1,2,1,0,0,0.222222222222222,0,0,0,2,3.30182,0.240839,-0.248208,15.91,-0.294992,0.147332,1215.26706,436.72073,1306.87401,279.61408,0.094566666,0.1173,0.13676667,0.002042113,-0.268914,0.020415636,0.23454234,45.92,341.19,22,6,2,0,116,0,4,0,44.76,0.40095223,train
EXP0073,COC(=O)c1ccccc1C(OC)Oc1ccc(OC)cc1,1,11,0.6361,150.177,1.78162,1,122.167,1,0.25,9,1,16.043,1,1,0,1,0,9.23,0.222222222222222,0,0,1,2,2.00362,0.239733,-0.247249,15.4,-0.293125,0.146311,1148.42581,436.72073,1298.10802,279.61408,0.0773,0.1079,0.1223,-0.005789335,-0.262557,0.01628905,0.203898,59.09,302.326,22,5,0,0,116,0,5,0,53.99,1.05417356,train
EXP0074,COC(=O)c1ccc(C(OC)Oc2ccc(OC)cc2)cc1,1,11,0.6361,150.177,1.78162,1,122.167,1,0.25,9,1,16.043,1,1,0,1,0,9.23,0.222222222222222,0,0,1,2,2.00362,0.240839,-0.248208,15.91,-0.294992,0.147332,1148.42581,436.72073,1306.87401,279.61408,0.088,0.112066664,0.13026667,-0.00201538,-0.26318732,0.01971225,0.205388,62.17,302.326,22,5,0,0,116,0,5,0,53.99,1.04016229,train
EXP0075,COC(=O)c1ccccc1C(OC)Oc1ccc(C)cc1,1,11,0.6361,150.177,1.78162,0,106.168,1,0.25,8,1,16.043,1,1,0,1,0,0,0.222222222222222,0,0,0,2,2.30344,0.239733,-0.247249,15.4,-0.293125,0.146311,1081.79233,436.72073,1298.10802,279.61408,0.088133335,0.11106667,0.1272,-0.004700807,-0.263675,0.01524128,0.21532166,52.003334,286.327,21,4,0,0,110,0,4,0,44.76,0.87808211,train
EXP0076,COC(=O)c1ccccc1C(OC)Oc1cccc(C)c1,1,11,0.6361,150.177,1.78162,0,106.168,1,0.25,8,1,16.043,1,1,0,1,0,0,0.222222222222222,0,0,0,2,2.30344,0.239733,-0.247249,15.4,-0.293125,0.146311,1081.65326,436.72073,1298.10802,279.61408,0.08253333,0.11223333,0.1277,-0.004867717,-0.263736,0.0153102,0.21855934,51.623333,286.327,21,4,0,0,110,0,4,0,44.76,0.85143387,train
EXP0077,COC(=O)c1ccccc1C(OC)Oc1cccc(OC)c1,1,11,0.6361,150.177,1.78162,1,122.167,1,0.25,9,1,16.043,1,1,0,1,0,9.23,0.222222222222222,0,0,1,2,2.00362,0.239733,-0.247249,15.4,-0.293125,0.146311,1147.85039,436.72073,1298.10802,279.61408,0.050666668,0.1101,0.1244,-0.005920417,-0.260592,0.01715204,0.211813,61.976665,302.326,22,5,0,0,116,0,5,0,53.99,0.72465346,train
EXP0078,COC(=O)c1ccccc1C(OC)Oc1ccc(Cl)cc1,1,11,0.6361,150.177,1.78162,1,126.586,1,0.142857142857143,8,1,16.043,1,1,1,1,0,0,0.222222222222222,0,0,0,2,2.64842,0.239733,-0.247249,15.4,-0.293125,0.146311,1071.08016,436.72073,1298.10802,279.61408,0.0839,0.1134,0.1277,-0.000634263,-0.263869,0.020592052,0.221755,62.053333,306.745,21,5,1,0,110,0,4,0,44.76,0.66980948,train
EXP0079,COC(=O)c1ccccc1C(OC)Oc1cccc(F)c1,1,11,0.6361,150.177,1.78162,1,110.131,1,0.142857142857143,8,1,16.043,1,1,1,1,0,0,0.222222222222222,0,0,0,2,2.13412,0.239733,-0.247249,15.4,-0.293125,0.146311,949.89904,436.72073,1298.10802,279.61408,0.0849,0.11313333,0.12836666,-0.002738823,-0.26448667,0.018351374,0.223527,58.18667,290.29,21,5,1,0,110,0,4,0,44.76,0.61656268,train
EXP0080,COC(=O)c1ccccc1C(OC)Oc1cccc(C(C)=O)c1,1,11,0.6361,150.177,1.78162,1,134.178,1,0.222222222222222,10,1,16.043,1,1,0,1,0,17.07,0.222222222222222,0,0,1,2,2.19762,0.239733,-0.247249,15.4,-0.293125,0.146311,1237.08925,436.72073,1298.10802,279.61408,0.0931,0.121633336,0.1263,-0.00226689,-0.26434267,0.01888003,0.22770034,59.073334,314.337,23,5,0,0,120,0,5,0,61.83,0.6613687,test
EXP0081,COC(=O)c1ccccc1C(OC)Oc1cccc([N+](=O)[O-])c1,1,11,0.6361,150.177,1.78162,3,137.138,1,0.142857142857143,10,1,16.043,1,1,0,1,0,43.14,0.222222222222222,0,0,2,2,1.90322,0.239733,-0.247249,15.4,-0.293125,0.146311,1113.57245,436.72073,1298.10802,279.61408,0.11985,0.1305,0.13405,0.001245935,-0.264051,0.025697945,0.2357395,64.135,317.297,23,7,0,0,120,0,6,0,87.9,0.51010245,train
EXP0082,COC(OC1CCCCC1C(=O)O)c1ccccc1,1,7,0.6361,92.141,1.99502,2,142.198,1,0.875,10,1,16.043,0,1,0,1,0,37.3,0.142857142857143,1,0,1,0,1.8973,0.229673,-0.237023,14.94,-0.287968,0.118006,1301.87371,436.72073,926.39695,279.61408,0.09003333,0.094166666,0.12296667,-0.003031873,-0.274969,0.01716593,0.237939,53.95,264.321,19,4,0,0,104,0,3,1,55.76,2.17391355,test
EXP0083,COc1ccc(C(OC)OC2CCCCC2C(=O)O)cc1,1,9,0.6361,122.167,2.00362,2,142.198,1,0.875,10,1,16.043,0,1,0,1,0,37.3,0.25,1,0,1,1,1.8973,0.205402,-0.212183,13.83,-0.276421,0.106847,1301.87371,436.72073,1148.42581,279.61408,0.07813333,0.109,0.12076667,-0.003799443,-0.26993832,0.01602719,0.21345633,51.07,294.347,21,5,0,0,116,0,4,1,64.99,3.55150051,train
EXP0084,COC(OC1CCCCC1C(=O)O)c1ccccc1C(=O)O,1,10,0.6361,136.15,1.69322,2,142.198,1,0.875,10,1,16.043,0,1,0,1,0,37.3,0.125,1,0,1,1,1.8973,0.24071,-0.248214,15.42,-0.297231,0.148519,1301.87371,436.72073,1137.93905,279.61408,0.12656666,0.105966665,0.1201,-0.002150397,-0.27790567,0.017818557,0.246298,51.383335,308.33,22,6,0,0,120,0,4,2,93.06,0.95380607,train
EXP0085,COC(=O)C1CCCCC1OC(OC)c1ccccc1,1,7,0.6361,92.141,1.99502,2,156.225,1,0.888888888888889,11,1,16.043,0,1,0,1,0,26.3,0.142857142857143,0,0,2,0,1.9857,0.229673,-0.237023,14.94,-0.287968,0.118006,1473.78158,436.72073,926.39695,279.61408,0.09275,0.09375,0.12235,-0.003523785,-0.2769175,0.012582055,0.2380035,41.31,278.348,20,4,0,0,110,0,4,0,44.76,2.18680159,train
EXP0086,COC(=O)C1CCCCC1OC(OC)c1ccc(OC)cc1,1,9,0.6361,122.167,2.00362,2,156.225,1,0.888888888888889,11,1,16.043,0,1,0,1,0,26.3,0.25,0,0,2,1,1.9857,0.205402,-0.212183,13.83,-0.276421,0.106847,1473.78158,436.72073,1148.42581,279.61408,0.0777,0.109,0.1215,-0.003547947,-0.27065134,0.014412453,0.21310833,48.416668,308.374,22,5,0,0,122,0,5,0,53.99,3.23710655,train
EXP0087,COC(=O)C1CCCCC1OC(OC)c1cccc(Cl)c1,1,8,0.6361,126.586,2.64842,2,156.225,1,0.888888888888889,11,1,16.043,0,1,0,1,0,26.3,0.142857142857143,0,0,2,0,1.9857,0.235127,-0.240882,14.88,-0.290303,0.125297,1473.78158,436.72073,1070.96836,279.61408,0.08,0.099,0.12576666,-0.00039055,-0.27428234,0.01664928,0.23990034,50.81,312.793,21,5,1,0,116,0,4,0,44.76,-0.06393888,train
EXP0088,COC(=O)C1CCCCC1OC(OC)c1ccc([N+](=O)[O-])cc1,1,10,0.6361,137.138,1.90322,2,156.225,1,0.888888888888889,11,1,16.043,0,1,0,1,0,26.3,0.142857142857143,0,0,2,2,1.9857,0.259401,-0.261729,15.99,-0.300282,0.179133,1473.78158,436.72073,1113.18661,279.61408,0.213,0.1165,0.12683333,0.0031747,-0.282531,0.01967749,0.25412932,60.28,323.345,23,7,0,0,126,0,6,0,87.9,-1.44333574,train
EXP0089,COC(=O)c1ccc(C(OC)OC2CCCCC2C(=O)OC)cc1,1,11,0.6361,150.177,1.78162,2,156.225,1,0.888888888888889,11,1,16.043,0,1,0,1,0,26.3,0.222222222222222,0,0,2,2,1.9857,0.240839,-0.248208,15.91,-0.294992,0.147332,1473.78158,436.72073,1306.87401,279.61408,0.1353,0.10696667,0.1241,-0.001711087,-0.27687067,0.0164389,0.24496667,53.34,336.384,24,6,0,0,132,0,6,0,71.06,-0.20113537,train
EXP0090,COC(=O)c1ccccc1C(OC)OC1CCCCC1C(=O)OC,1,11,0.6361,150.177,1.78162,2,156.225,1,0.888888888888889,11,1,16.043,0,1,0,1,0,26.3,0.222222222222222,0,0,2,2,1.9857,0.239733,-0.247249,15.4,-0.293125,0.146311,1473.78158,436.72073,1298.10802,279.61408,0.11703333,0.1058,0.12093333,-0.004599073,-0.277942,0.013433796,0.24485533,46.66,336.384,24,6,0,0,132,0,6,0,71.06,0.50403295,train
EXP0091,CCOC(=O)C1CCCCC1OC(OC1CCCCC1C(=O)OCC)c1ccccc1,1,7,0.6361,92.141,1.99502,2,170.252,1,0.9,12,1,16.043,0,1,0,1,0,26.3,0.142857142857143,0,2,2,0,2.3758,0.229673,-0.237023,14.94,-0.287968,0.118006,1623.53202666667,1623.53202666667,926.39695,279.61408,0.1026,0.098633334,0.124733336,-0.00282568,-0.273501,0.013313547,0.23506333,43.46,432.557,31,6,0,0,172,0,6,0,71.06,1.02199056,train
EXP0092,O=C(O)C1CCCCC1OC(OC1CCCCC1C(=O)O)c1ccccc1,1,7,0.6361,92.141,1.99502,2,142.198,1,0.875,10,1,16.043,0,1,0,1,0,37.3,0.142857142857143,1,2,1,0,1.8973,0.229673,-0.237023,14.94,-0.287968,0.118006,1301.87371,1301.87371,926.39695,279.61408,0.1028,0.0959,0.1234,-0.00203417,-0.275106,0.01514979,0.234606,41.98,376.449,27,6,0,0,148,0,4,2,93.06,1.46722277,train
EXP0093,CCOC(COC)OCC,1,4,0.6361,60.096,0.6527,0,44.097,0,1,3,0,16.043,0,1,0,0,0,0,1,0,0,0,1,1.4163,0.25,-0.253017,11.57,-0.369292,0.08614,594.14832,594.14832,666.59669,279.61408,0.11366667,0.062533334,0.1144,-0.001351017,-0.28360432,0.015311194,0.24580333,48.41,148.202,10,3,0,0,62,0,3,0,27.69,-2.51286162,train
EXP0094,CCOC(CSC)OCC,1,4,0.6361,76.164,1.3693,0,44.097,0,1,3,0,16.043,0,1,0,0,0,0,1,0,0,0,1,1.4163,0.220911,-0.215039,24.4,-0.34565,0.092506,594.14832,594.14832,787.20707,279.61408,0.054866668,0.0977,0.11776666,-0.000653807,-0.27540433,0.015161676,0.22512767,50.06,164.27,10,3,0,0,62,0,3,0,18.46,-0.44708855,train
EXP0095,CCCCC(OCC)OCC,1,5,0.6361,72.151,2.1965,0,44.097,0,1,3,0,16.043,0,1,0,0,0,0,1,0,0,0,0,1.4163,0.302654,-0.301609,8.52,-0.338411,0.111696,594.14832,594.14832,904.41552,279.61408,0.14613333,0.06933333,0.12033334,-2.24E-05,-0.303336,0.01111836,0.24837433,32.076668,160.257,11,2,0,0,68,0,2,0,18.46,0.43352662,train
EXP0096,CCOC(CCCSC)OCC,1,6,0.6361,104.218,2.1495,0,44.097,0,1,3,0,16.043,0,1,0,0,0,0,1,0,0,0,1,1.4163,0.219550666666667,-0.213895333,20.1766666666667,-0.328211333,0.090529,594.14832,594.14832,1096.99267,279.61408,0.0139,0.11806667,0.122033335,-0.000253833,-0.25720233,0.014669486,0.221004,48.886665,192.324,12,3,0,0,74,0,3,0,18.46,0.2824635,train
EXP0097,CCCCC(C)(OCC)OCC,1,5,1.0262,72.151,2.1965,0,44.097,0,1,3,0,30.07,0,2,0,0,0,0,1,0,0,0,0,1.4163,0.302654,-0.301609,8.52,-0.338411,0.111696,594.14832,594.14832,904.41552,436.72073,0.107,0.14235,0.1514,-0.000388865,-0.3053495,0.008799675,0.253469,19.25,174.284,12,2,0,0,74,0,2,0,18.46,4.11954579,train
EXP0098,CCOC(C)(CCCOC)OCC,1,6,1.0262,88.15,1.4329,0,44.097,0,1,3,0,30.07,0,2,0,0,0,0,1,0,0,0,1,1.4163,0.249894,-0.252712,6.74,-0.327498,0.085951,594.14832,594.14832,979.60258,436.72073,0.057166666,0.14213334,0.15156667,-0.001174253,-0.26599133,0.011178087,0.24662833,32.76,190.283,13,3,0,0,80,0,3,0,27.69,3.76419183,train
EXP0099,CCOC(C)(CCCSC)OCC,1,6,1.0262,104.218,2.1495,0,44.097,0,1,3,0,30.07,0,2,0,0,0,0,1,0,0,0,1,1.4163,0.219550666666667,-0.213895333,20.1766666666667,-0.328211333,0.090529,594.14832,594.14832,1096.99267,436.72073,0.009666666,0.14836666,0.1511,0.000638593,-0.26107034,0.011969524,0.22023267,36.823334,206.351,13,3,0,0,80,0,3,0,18.46,3.58349263,test
EXP0100,OCCCCCCOC(OCCCCCCO)c1ccccc1,1,7,0.6361,92.141,1.99502,1,116.204,1,1,8,1,16.043,0,1,0,0,0,20.23,0.142857142857143,1,1,1,0,1.9491,0.229673,-0.237023,14.94,-0.287968,0.118006,1274.83781333333,1274.83781333333,926.39695,279.61408,0.1056,0.0934,0.12156667,-0.000488133,-0.26201868,0.016836064,0.23587634,50.166668,324.461,23,4,0,0,132,0,4,2,58.92,0.78304557,test
EXP0101,C=CCCCOC(OCCCC=C)c1ccc2c(c1)CC(=O)N2O,1,12,0.6361,163.176,1.27332,0,84.162,1,0.666666666666667,6,2,16.043,0,1,0,0,0,0,0.222222222222222,0,0,0,2,2.3626,0.205068,-0.211736,13.07,-0.269225,0.111939,1004.83207,1004.83207,1317.36356,279.61408,0.065066665,0.1053,0.12166667,0.002277273,-0.24847,0.017504157,0.204535,49.113335,331.412,24,5,0,0,130,0,4,1,59,2.1649444,test
EXP0102,C=C(C)C(=O)OCCCOC(OCCCOC(=O)C(=C)C)c1ccc2c(c1)CC(=O)N2O,1,12,0.6361,163.176,1.27332,2,142.198,1,0.625,10,2,16.043,0,1,0,0,0,26.3,0.222222222222222,0,2,2,2,1.9058,0.205068,-0.211736,13.07,-0.269225,0.111939,1382.74857666667,1382.74857666667,1317.36356,279.61408,0.0779,0.1231,0.1238,0.002287237,-0.26633367,0.0189231,0.205058,53.553333,447.484,32,9,0,0,174,0,8,1,111.6,1.82768583,train
EXP0103,C=C(C)C(=O)OCCOC(OCCOC(=O)C(=C)C)c1ccc2c(c1)CC(=O)N2O,1,12,0.6361,163.176,1.27332,2,128.171,1,0.571428571428571,9,2,16.043,0,1,0,0,0,26.3,0.222222222222222,0,2,2,2,1.5157,0.205068,-0.211736,13.07,-0.269225,0.111939,1227.73806,1227.73806,1317.36356,279.61408,0.07963333,0.12583333,0.12703334,0.001888287,-0.26640934,0.019569553,0.20513667,55.38,419.43,30,9,0,0,162,0,8,1,111.6,1.47224435,train
EXP0104,CC(C)(OCCNC(=O)C(F)(F)F)OCCNC(=O)C(F)(F)F,1,2,1.0262,30.07,1.0262,5,155.119,0,0.8,10,0,30.07,0,2,3,0,3,29.1,1,1,5,1,0,1.0749,0.330451,-0.334193,13.07,-0.391093,0.12226,1094.98200333333,1094.98200333333,436.72073,436.72073,0.11153334,0.15446667,0.15646666,0.00634096,-0.276734,0.03237798,0.249827,72.70333,354.247,23,12,6,0,136,0,4,2,76.66,-0.07365755,test
EXP0105,C=CC(=O)NCCOC(OCCNC(=O)C=C)c1ccc(OCCOCCOCCOCCO)cc1,1,20,0.6361,284.352,1.41592,2,113.16,1,0.5,8,1,16.043,0,1,0,0,0,29.1,0.6,1,2,1,5,0.6986,0.205578,-0.212438,13.8333333333333,-0.253438,0.107370666666667,1113.29933,1113.29933,2518.79509,279.61408,0.084,0.12516667,0.1263,0.002597623,-0.245586,0.026248652,0.212042,66.04667,510.584,36,11,0,0,202,0,9,3,133.81,1.45831567,train
EXP0106,C=CC(=O)NCCOC(OCCNC(=O)C=C)c1ccc(OC)cc1,1,9,0.6361,122.167,2.00362,2,113.16,1,0.5,8,1,16.043,0,1,0,0,0,29.1,0.25,1,2,1,1,0.6986,0.205402,-0.212183,13.83,-0.276421,0.106847,1113.29933,1113.29933,1148.42581,279.61408,0.0906,0.12343334,0.124633335,-0.000676267,-0.25258,0.025646796,0.213671,66.74,348.399,25,7,0,0,136,0,5,2,85.89,1.68033959,test
EXP0107,C=CC(=O)NCCOC(OCCNC(=O)C=C)c1ccc(OCCOCCOCCO)cc1,1,17,0.6361,240.299,1.39932,2,113.16,1,0.5,8,1,16.043,0,1,0,0,0,29.1,0.538461538461538,1,2,1,4,0.6986,0.205565,-0.212371333,13.8366666666667,-0.252969333,0.107254666666667,1113.29933,1113.29933,2133.98216333333,279.61408,0.0862,0.1244,0.1255,0.00021047,-0.2505165,0.023802206,0.211422,64.66,466.531,33,10,0,0,184,0,8,3,124.58,1.68033959,test
EXP0108,C=CC(=O)NCCOCCOC(C)(C)OCCOCCNC(=O)C=C,1,2,1.0262,30.07,1.0262,3,157.213,0,0.625,11,0,30.07,0,2,0,0,0,38.33,1,1,3,2,0,0.7152,0.330451,-0.334193,13.07,-0.391093,0.12226,1498.61936333333,1498.61936333333,436.72073,436.72073,0.017166667,0.15426667,0.1544,-0.000690173,-0.25204533,0.022934606,0.236745,60.93,358.435,25,8,0,0,144,0,6,2,95.12,2.22660204,train
EXP0109,COc1ccc(C(OCCOCCN)OCCOCCN)c2ccccc12,1,13,0.6361,172.227,3.15682,2,103.165,2,1,7,2,16.043,0,1,0,0,0,35.25,0.166666666666667,1,2,2,1,0.3717,0.190188,-0.198042,10.7,-0.245755,0.115005,1083.52916333333,1083.52916333333,1527.42826,279.61408,0.08583333,0.1107,0.12343334,-0.006635853,-0.232239,0.01862467,0.196461,64.21333,378.469,27,7,0,0,150,0,7,2,98.19,1.59767073,train
EXP0110,COC(=O)NCCOC(OCCNC(=O)OC)c1ccc(N)cc1,1,8,0.6361,107.156,1.57722,3,117.148,1,0.8,8,1,16.043,0,1,0,0,0,38.33,0.142857142857143,1,3,2,1,0.7524,0.188564,-0.194725,13.5,-0.262893,0.09641,1083.88563,1083.88563,1031.36784,279.61408,0.077933334,0.10933334,0.12256667,-0.006734003,-0.252669,0.021693423,0.195664,60.99,341.364,24,9,0,0,134,0,7,3,121.14,2.76158853,train
EXP0111,C=CCC(=O)OCCOC(OCCOC(=O)C=C)c1ccc(OC)cc1,1,9,0.6361,122.167,2.00362,2,128.171,1,0.571428571428571,9,1,16.043,0,1,0,0,0,26.3,0.25,0,2,2,1,1.5157,0.205402,-0.212183,13.83,-0.276421,0.106847,1236.57177,1077.11759,1148.42581,279.61408,0.0984,0.1256,0.12646666,-0.001936887,-0.25999966,0.01805904,0.21358466,58.13,364.394,26,7,0,0,142,0,7,0,80.29,0.69602945,train
EXP0112,CC(C)(OCCCCCCNC(=O)C(F)(F)F)OCCCCCCNC(=O)C(F)(F)F,1,2,1.0262,30.07,1.0262,5,211.227,0,0.888888888888889,14,0,30.07,0,2,3,0,3,29.1,1,1,5,1,0,2.6353,0.330451,-0.334193,13.07,-0.391093,0.12226,1715.55614333333,1715.55614333333,436.72073,436.72073,0.1626,0.15245,0.15255,0.003227535,-0.2687325,0.02482318,0.2447015,64.965,466.463,31,12,6,0,184,0,4,2,76.66,1.68246296,train
EXP0113,CC(C)(OCCCNC(=O)C(F)(F)F)OCCCNC(=O)C(F)(F)F,1,2,1.0262,30.07,1.0262,5,169.146,0,0.833333333333333,11,0,30.07,0,2,3,0,3,29.1,1,1,5,1,0,1.465,0.330451,-0.334193,13.07,-0.391093,0.12226,1251.30673666667,1251.30673666667,436.72073,436.72073,0.13733333,0.15263334,0.15353334,0.006396137,-0.27393165,0.028755326,0.24801166,71.33667,382.301,25,12,6,0,148,0,4,2,76.66,0.77130521,train
EXP0114,CC(C)(OCCN1C(=O)c2ccccc2C1=O)OCCN1C(=O)c2ccccc2C1=O,1,2,1.0262,30.07,1.0262,3,189.214,0,0.272727272727273,14,0,30.07,1,2,0,2,0,37.38,1,0,3,2,0,1.6926,0.330451,-0.334193,13.07,-0.391093,0.12226,1571.61469666667,1571.61469666667,436.72073,436.72073,0.22535,0.1554,0.15625,-0.003124155,-0.2645835,0.01787941,0.244878,55.47,422.437,31,8,0,0,160,0,6,0,93.22,-0.23346075,test
EXP0115,CC(OCCN1C(=O)c2ccccc2C1=O)OCCN1C(=O)c2ccccc2C1=O,1,2,0.6361,30.07,1.0262,3,189.214,0,0.272727272727273,14,0,16.043,1,1,0,2,0,37.38,1,0,3,2,0,1.6926,0.330451,-0.334193,13.07,-0.391093,0.12226,1571.61469666667,1571.61469666667,436.72073,279.61408,0.14846666,0.12673333,0.12776667,-0.003886273,-0.26296267,0.019009346,0.24857967,56.976665,408.41,30,8,0,0,154,0,6,0,93.22,-3.82934525,train
EXP0116,CCCCCC(OCCNC(=O)C(F)(F)F)OCCNC(=O)C(F)(F)F,1,6,0.6361,86.178,2.5866,5,155.119,0,0.8,10,0,16.043,0,1,3,0,3,29.1,1,1,5,1,0,1.0749,0.291521,-0.297381,6.5,-0.343225,0.105875,1094.98200333333,1094.98200333333,1061.02595,279.61408,0.12553333,0.12513334,0.1278,0.005773667,-0.27970466,0.025599804,0.251054,58.003334,396.328,26,12,6,0,154,0,4,2,76.66,-3.84739064,test
EXP0117,CCCCCCCCCCC(OCCNC(=O)C(F)(F)F)OCCNC(=O)C(F)(F)F,1,11,0.6361,156.313,4.5371,5,155.119,0,0.8,10,0,16.043,0,1,3,0,3,29.1,1,1,5,1,0,1.0749,0.280916666666667,-0.288262333,5.20666666666667,-0.310639667,0.105191333333333,1094.98200333333,1094.98200333333,1834.67715333333,279.61408,0.16743334,0.122766666,0.12533334,0.0051357,-0.27380967,0.026149044,0.246067,44.773335,466.463,31,12,6,0,184,0,4,2,76.66,-3.85268857,train
EXP0118,O=C(NCCOC(OCCNC(=O)C(F)(F)F)c1ccc([N+](=O)[O-])cc1)C(F)(F)F,1,10,0.6361,137.138,1.90322,5,155.119,1,0.8,10,1,16.043,0,1,3,0,3,29.1,0.142857142857143,1,5,1,2,1.0749,0.259401,-0.261729,15.99,-0.300282,0.179133,1094.98200333333,1094.98200333333,1113.18661,279.61408,0.174,0.1213,0.1322,0.01296551,-0.276458,0.03695413,0.259749,76.13,447.288,30,15,6,0,168,0,6,2,119.8,-4.94760236,train
EXP0119,O=C(NCCOC(OCCNC(=O)C(F)(F)F)c1ccc(C(F)(F)F)cc1)C(F)(F)F,1,11,0.6361,160.138,3.01382,5,155.119,1,0.8,10,1,16.043,0,1,3,0,3,29.1,0.25,1,5,1,0,1.0749,0.243778,-0.250156,15.86,-0.299259,0.134473,1094.98200333333,1094.98200333333,1155.27083,279.61408,0.1083,0.10276667,0.12913333,0.005624577,-0.27654067,0.03243193,0.24908733,62.613335,470.288,31,15,9,0,176,0,4,2,76.66,-4.32293625,train
EXP0120,O=C(NCCOC(OCCNC(=O)C(F)(F)F)c1ccccc1)C(F)(F)F,1,7,0.6361,92.141,1.99502,5,155.119,1,0.8,10,1,16.043,0,1,3,0,3,29.1,0.142857142857143,1,5,1,0,1.0749,0.229673,-0.237023,14.94,-0.287968,0.118006,1094.98200333333,1094.98200333333,926.39695,279.61408,0.09153333,0.105,0.12786667,0.003888747,-0.27399868,0.02794858,0.23769233,64.35,402.291,27,12,6,0,152,0,4,2,76.66,-2.06499685,train
EXP0121,O=C(NCCOC(OCCNC(=O)C(F)(F)F)c1ccco1)C(F)(F)F,1,6,0.6361,82.102,1.58802,5,155.119,1,0.8,10,1,16.043,0,1,3,0,3,29.1,0.2,1,5,1,1,1.0749,0.209883,-0.215524,19.49,-0.302828,0.09928,1094.98200333333,1094.98200333333,756.51947,279.61408,0.115166664,0.120633334,0.124,0.000737057,-0.270418,0.02995072,0.22057867,69.64667,392.252,26,13,6,0,148,0,5,2,89.8,-2.06298389,train
EXP0122,COc1ccc(C(OCCNC(=O)C(F)(F)F)OCCNC(=O)C(F)(F)F)cc1,1,9,0.6361,122.167,2.00362,5,155.119,1,0.8,10,1,16.043,0,1,3,0,3,29.1,0.25,1,5,1,1,1.0749,0.205402,-0.212183,13.83,-0.276421,0.106847,1094.98200333333,1094.98200333333,1148.42581,279.61408,0.08076666,0.119333334,0.12706667,0.001845147,-0.26774535,0.02904206,0.21352433,65.566666,432.317,29,13,6,0,164,0,5,2,85.89,-0.56310619,test
EXP0123,COc1ccc(C(OCCNC(=O)C(F)(F)F)OCCNC(=O)C(F)(F)F)c(OC)c1,1,11,0.6361,152.193,2.01222,5,155.119,1,0.8,10,1,16.043,0,1,3,0,3,29.1,0.333333333333333,1,5,1,2,1.0749,0.198312333333333,-0.205721,12.98,-0.262760333,0.098928,1094.98200333333,1094.98200333333,1365.74155,279.61408,0.08035,0.1138,0.1212,0.0015304,-0.2645135,0.02531151,0.206565,66.39,462.343,31,14,6,0,176,0,6,2,95.12,0.38251952,train
EXP0124,COc1cc(OC)c(C(OCCNC(=O)C(F)(F)F)OCCNC(=O)C(F)(F)F)c(OC)c1,1,13,0.6361,182.219,2.02082,5,155.119,1,0.8,10,1,16.043,0,1,3,0,3,29.1,0.4,1,5,1,3,1.0749,0.195649,-0.20315,13.81,-0.247694,0.093698,1094.98200333333,1094.98200333333,1580.64217,279.61408,0.08325,0.1077,0.113,-0.0005804,-0.2514095,0.025172595,0.206571,66.365,492.369,33,15,6,0,188,0,7,2,104.35,1.01735143,test
EXP0125,COc1cc(C(OCCNC(=O)C(F)(F)F)OCCNC(=O)C(F)(F)F)cc(OC)c1OC,1,13,0.6361,182.219,2.02082,5,155.119,1,0.8,10,1,16.043,0,1,3,0,3,29.1,0.4,1,5,1,3,1.0749,0.206647333333333,-0.214222333,13.82,-0.248914667,0.104523,1094.98200333333,1094.98200333333,1591.19117333333,279.61408,0.06115,0.10995,0.12945,0.00503165,-0.2522865,0.03052296,0.21349,66.98,492.369,33,15,6,0,188,0,7,2,104.35,-1.3439018,train
EXP0126,CCOC(C)(OCC)C(C)(C)C,1,5,1.0262,72.151,2.0524,0,44.097,0,1,3,0,30.07,0,2,0,0,0,0,1,0,0,0,0,1.4163,0.30191,-0.307804,7.84,-0.35245,0.119151,594.14832,594.14832,899.98739,436.72073,0.10273334,0.1478,0.15563333,-0.000544613,-0.302362,0.012230523,0.24450633,36.336666,174.284,12,2,0,0,74,0,2,0,18.46,6.09936647,train
EXP0127,CCOC(OCC)c1ccccc1O,1,8,0.6361,108.14,1.70062,0,44.097,1,1,3,1,16.043,0,1,0,0,0,0,0.142857142857143,0,0,0,1,1.4163,0.210861,-0.217488,14.81,-0.280855,0.107952,594.14832,594.14832,984.30835,279.61408,0.060366668,0.09736667,0.123733334,-0.002260217,-0.27633667,0.017299687,0.215131,53.806667,196.246,14,3,0,0,78,0,3,1,38.69,-1.21716919,train
EXP0128,COCCOC(OCCOC)OCCOC,1,6,0.6361,90.122,0.2792,1,74.123,0,1,5,0,16.043,0,1,0,0,0,9.23,1,0,1,1,2,1.0428,0.247939,-0.253173,8.34,-0.28221,0.086001,821.49438,821.49438,892.82751,279.61408,0.036566667,0.121633336,0.1827,-0.003894233,-0.26105332,0.01878046,0.25071368,60.95,238.28,16,6,0,0,98,0,6,0,55.38,2.61852191,train
EXP0129,ClCCOC(OCCCl)OCCCl,1,5,0.6361,94.541,0.8716,1,78.542,0,1,4,0,16.043,0,1,1,0,1,0,1,0,1,0,1,1.6352,0.257597,-0.259302,10.89,-0.311365,0.115706,738.52987,738.52987,813.00757,279.61408,0.18536666,0.17203334,0.18676667,0.00520649,-0.30450633,0.033522565,0.27143234,74.316666,251.537,13,6,3,0,80,0,3,0,27.69,0.56576402,train
EXP0130,CC(OCC(Cl)(Cl)Cl)OCC(Cl)(Cl)Cl,1,2,0.6361,30.07,1.0262,3,147.432,0,1,6,0,16.043,0,1,3,0,3,0,1,0,3,0,0,2.7666,0.330451,-0.334193,13.07,-0.391093,0.12226,1015.35664,1015.35664,436.72073,279.61408,0.2437,0.1332,0.1399,0.00263317,-0.318572,0.02574629,0.2762845,51.75,324.846,14,8,6,0,86,0,2,0,18.46,-3.35743755,train
EXP0131,CC(OCC(F)(F)F)OCC(F)(F)F,1,2,0.6361,30.07,1.0262,3,98.067,0,1,6,0,16.043,0,1,3,0,3,0,1,0,3,0,0,1.9587,0.330451,-0.334193,13.07,-0.391093,0.12226,665.3079,665.3079,436.72073,279.61408,0.1606,0.061233334,0.1352,0.002995133,-0.334014,0.029655254,0.27270034,64.87666,226.116,14,8,6,0,86,0,2,0,18.46,-3.70478488,test
EXP0132,CC(C)(OCC(Cl)(Cl)Cl)OCC(Cl)(Cl)Cl,1,2,1.0262,30.07,1.0262,3,147.432,0,1,6,0,30.07,0,2,3,0,3,0,1,0,3,0,0,2.7666,0.330451,-0.334193,13.07,-0.391093,0.12226,1015.35664,1015.35664,436.72073,436.72073,0.1834,0.15916666,0.16443333,0.001920393,-0.319227,0.024077334,0.274751,55.296665,338.873,15,8,6,0,92,0,2,0,18.46,-0.43568909,train
EXP0133,CC(C)OCOC(C)C,1,1,0.6361,16.043,0.6361,0,58.124,0,1,4,0,16.043,0,1,0,0,0,0,1,0,0,0,0,1.6623,0.382793,-0.383609,28.36,-0.476302,0.144823,749.18697,749.18697,279.61408,279.61408,0.2149,0.018666666,0.0932,-0.0001492,-0.29938966,0.01234695,0.25139832,39.87,132.203,9,2,0,0,56,0,2,0,18.46,-2.84771166,train
EXP0134,CC(C)(C)OCOC(C)(C)C,1,1,0.6361,16.043,0.6361,0,72.151,0,1,5,0,16.043,0,1,0,0,0,0,1,0,0,0,0,2.0524,0.382793,-0.383609,28.36,-0.476302,0.144823,899.98739,899.98739,279.61408,279.61408,0.23625,0.0344,0.08985,-0.00059442,-0.2946395,0.01200051,0.2427265,36.25,160.257,11,2,0,0,68,0,2,0,18.46,-0.99139983,train
EXP0135,FCCOCOCCF,1,1,0.6361,16.043,0.6361,1,62.087,0,1,4,0,16.043,0,1,1,0,1,0,1,0,1,0,0,1.3659,0.382793,-0.383609,28.36,-0.476302,0.144823,615.16368,615.16368,279.61408,279.61408,0.23906666,-0.0037,0.101166666,0.001972493,-0.30934733,0.02635618,0.25802833,77.88333,140.129,9,4,2,0,56,0,2,0,18.46,-5.35556141,train
EXP0136,ClCCOCOCCCl,1,1,0.6361,16.043,0.6361,1,78.542,0,1,4,0,16.043,0,1,1,0,1,0,1,0,1,0,0,1.6352,0.382793,-0.383609,28.36,-0.476302,0.144823,738.52987,738.52987,279.61408,279.61408,0.28623334,0.086833335,0.1028,0.003433297,-0.30264366,0.031743214,0.257353,79.38,173.039,9,4,2,0,56,0,2,0,18.46,-5.59687948,test
EXP0137,CCOCOC,1,1,0.6361,16.043,0.6361,0,44.097,0,1,3,0,16.043,0,1,0,0,0,0,1,0,0,0,0,1.4163,0.382793,-0.383609,28.36,-0.476302,0.144823,594.14832,436.72073,279.61408,279.61408,0.2353,0.0033,0.095,0.00066213,-0.305629,0.01527043,0.251905,52.68,90.122,6,2,0,0,38,0,2,0,18.46,-4.10402527,train
EXP0138,COCOC(C)C,1,1,0.6361,16.043,0.6361,0,58.124,0,1,4,0,16.043,0,1,0,0,0,0,1,0,0,0,0,1.6623,0.382793,-0.383609,28.36,-0.476302,0.144823,749.18697,436.72073,279.61408,279.61408,0.23273334,-0.000266667,0.094233334,-0.000423187,-0.30179533,0.013948243,0.25288367,47.143333,104.149,7,2,0,0,44,0,2,0,18.46,-3.45717457,test
EXP0139,COCOCCCl,1,1,0.6361,16.043,0.6361,1,78.542,0,1,4,0,16.043,0,1,1,0,0,0,1,0,0,0,0,1.6352,0.382793,-0.383609,28.36,-0.476302,0.144823,738.52987,436.72073,279.61408,279.61408,0.27606666,0.0859,0.09943333,0.001020087,-0.30311534,0.023013713,0.25872368,74.95333,124.567,7,3,1,0,44,0,2,0,18.46,-4.5543958,train
EXP0140,CCOCOC(C)C,1,1,0.6361,16.043,0.6361,0,58.124,0,1,4,0,16.043,0,1,0,0,0,0,1,0,0,0,0,1.6623,0.382793,-0.383609,28.36,-0.476302,0.144823,749.18697,594.14832,279.61408,279.61408,0.20616667,0.007766667,0.0933,-0.0005205,-0.30179366,0.011267046,0.25402933,35.303333,118.176,8,2,0,0,50,0,2,0,18.46,-3.29413629,train
EXP0141,CCOCOC(C)(C)C,1,1,0.6361,16.043,0.6361,0,72.151,0,1,5,0,16.043,0,1,0,0,0,0,1,0,0,0,0,2.0524,0.382793,-0.383609,28.36,-0.476302,0.144823,899.98739,594.14832,279.61408,279.61408,0.24946667,0.0554,0.0924,-0.000648663,-0.29714534,0.012729797,0.244561,41.866665,132.203,9,2,0,0,56,0,2,0,18.46,-2.37986395,train
EXP0142,CCOCOCCCl,1,1,0.6361,16.043,0.6361,1,78.542,0,1,4,0,16.043,0,1,1,0,0,0,1,0,0,0,0,1.6352,0.382793,-0.383609,28.36,-0.476302,0.144823,738.52987,594.14832,279.61408,279.61408,0.2678,0.08116667,0.099133335,0.001897297,-0.30268133,0.018695323,0.257023,64.456665,138.594,8,3,1,0,50,0,2,0,18.46,-3.90657831,train
EXP0143,CC(C)OCOCCF,1,1,0.6361,16.043,0.6361,1,62.087,0,1,4,0,16.043,0,1,1,0,0,0,1,0,0,0,0,1.3659,0.382793,-0.383609,28.36,-0.476302,0.144823,615.16368,749.18697,279.61408,279.61408,0.2119,0.013133333,0.0938,0.000746307,-0.30406466,0.017032867,0.252474,54.236668,136.166,9,3,1,0,56,0,2,0,18.46,-3.18442225,test
EXP0144,CC(C)OCOCCCl,1,1,0.6361,16.043,0.6361,1,78.542,0,1,4,0,16.043,0,1,1,0,0,0,1,0,0,0,0,1.6352,0.382793,-0.383609,28.36,-0.476302,0.144823,738.52987,749.18697,279.61408,279.61408,0.22383334,0.07986667,0.09746667,0.00236571,-0.30438232,0.01908252,0.261194,58.5,152.621,9,3,1,0,56,0,2,0,18.46,-3.22841252,train
EXP0145,FCCOCOCCCl,1,1,0.6361,16.043,0.6361,1,78.542,0,1,4,0,16.043,0,1,1,0,1,0,1,0,1,0,0,1.6352,0.382793,-0.383609,28.36,-0.476302,0.144823,738.52987,615.16368,279.61408,279.61408,0.24546666,0.08636667,0.100833334,0.002724893,-0.305843,0.027708167,0.264442,78.60667,156.584,9,4,2,0,56,0,2,0,18.46,-5.4609239,test
EXP0146,CCOC(OCCOC)c1ccccc1,1,7,0.6361,92.141,1.99502,1,74.123,1,1,5,1,16.043,0,1,0,0,0,9.23,0.142857142857143,0,0,1,0,1.0428,0.229673,-0.237023,14.94,-0.287968,0.118006,821.49438,594.14832,926.39695,279.61408,0.10115,0.0932,0.1225,-0.004897175,-0.2586435,0.014678885,0.237732,50.86,210.273,15,3,0,0,84,0,3,0,27.69,1.81291336,train
EXP0147,CCOC(OCC(F)(F)F)c1ccccc1,1,7,0.6361,92.141,1.99502,3,98.067,1,1,6,1,16.043,0,1,3,0,0,0,0.142857142857143,0,0,0,0,1.9587,0.229673,-0.237023,14.94,-0.287968,0.118006,665.3079,594.14832,926.39695,279.61408,0.088533334,0.09403333,0.12523334,-0.000494003,-0.28728,0.018050913,0.23999867,50.253334,234.217,16,5,3,0,90,0,2,0,18.46,1.04139269,train
EXP0148,CCOC(OCC)c1cccc(Cl)c1,1,8,0.6361,126.586,2.64842,0,44.097,1,1,3,1,16.043,0,1,0,0,0,0,0.142857142857143,0,0,0,0,1.4163,0.235127,-0.240882,14.88,-0.290303,0.125297,594.14832,594.14832,1070.96836,279.61408,0.09593333,0.096766666,0.1243,-0.00037016,-0.274546,0.017315006,0.23911467,55.77,214.692,14,3,1,0,78,0,2,0,18.46,1.14612804,train
EXP0149,COC(C)(OC)OC,1,3,1.0262,46.069,0.2626,0,30.07,0,1,2,0,30.07,0,2,0,0,0,0,1,0,0,0,1,1.0262,0.252544,-0.254576,14.39,-0.396432,0.087919,436.72073,436.72073,509.0835,436.72073,0.11726667,0.19033334,0.20776667,-0.00200227,-0.30769765,0.014152926,0.26332566,50.836666,120.148,8,3,0,0,50,0,3,0,27.69,4.06818586,train
EXP0150,COC(OC)(OC)C1CC1,1,3,1.4163,46.069,0.2626,0,30.07,0,1,2,0,56.108,0,4,0,0,0,0,1,0,0,0,1,1.0262,0.252544,-0.254576,14.39,-0.396432,0.087919,436.72073,436.72073,509.0835,665.7366,0.09883333,0.1959,0.21043333,-0.0020686,-0.299821,0.012240883,0.25886533,39.713333,146.186,10,3,0,0,60,0,3,0,27.69,4.90848502,train
EXP0151,COC(OC)c1ccc([N+](=O)[O-])cc1,1,10,0.6361,137.138,1.90322,0,30.07,1,1,2,1,16.043,0,1,0,0,0,0,0.142857142857143,0,0,0,2,1.0262,0.259401,-0.261729,15.99,-0.300282,0.179133,436.72073,436.72073,1113.18661,279.61408,0.21386667,0.11576667,0.1264,0.003337073,-0.29138,0.02346792,0.25651768,67.456665,197.19,14,5,0,0,76,0,4,0,61.6,-0.75448733,train
EXP0152,COC(OC)c1cccc([N+](=O)[O-])c1,1,10,0.6361,137.138,1.90322,0,30.07,1,1,2,1,16.043,0,1,0,0,0,0,0.142857142857143,0,0,0,2,1.0262,0.249613,-0.257165,15.38,-0.310628,0.174773,436.72073,436.72073,1113.57245,279.61408,0.21413334,0.11973333,0.12616667,0.002435103,-0.29435667,0.022817032,0.25462466,68.42667,197.19,14,5,0,0,76,0,4,0,61.6,-0.53165267,test
EXP0153,COC(OC)c1cccc(Cl)c1,1,8,0.6361,126.586,2.64842,0,30.07,1,1,2,1,16.043,0,1,0,0,0,0,0.142857142857143,0,0,0,0,1.0262,0.235127,-0.240882,14.88,-0.290303,0.125297,436.72073,436.72073,1070.96836,279.61408,0.07146667,0.0961,0.1245,-0.00076978,-0.278282,0.0199952,0.24220666,63.573334,186.638,12,3,1,0,66,0,2,0,18.46,0.60638137,train
EXP0154,COC(OC)c1ccc(Br)cc1,1,8,0.6361,171.037,2.75752,0,30.07,1,1,2,1,16.043,0,1,0,0,0,0,0.142857142857143,0,0,0,0,1.0262,0.230574,-0.232381,14.2,-0.298236,0.12267,436.72073,436.72073,1119.63813,279.61408,0.0967,0.0949,0.1235,-0.00034625,-0.28401566,0.018851427,0.23918433,58.013332,231.089,12,3,1,0,66,0,2,0,18.46,1.2278867,train
EXP0155,COc1cccc(C(OC)OC)c1,1,9,0.6361,122.167,2.00362,0,30.07,1,1,2,1,16.043,0,1,0,0,0,0,0.25,0,0,0,1,1.0262,0.209736,-0.217031,14.77,-0.276943,0.109137,436.72073,436.72073,1147.85039,279.61408,0.05073333,0.094066665,0.1222,-0.003730267,-0.27131432,0.01634271,0.21504833,59.956665,182.219,13,3,0,0,72,0,3,0,27.69,1.47275645,train
EXP0156,COC(OC)c1cccc(C)c1,1,8,0.6361,106.168,2.30344,0,30.07,1,1,2,1,16.043,0,1,0,0,0,0,0.25,0,0,0,0,1.0262,0.223631,-0.231274,15.12,-0.279479,0.113495,436.72073,436.72073,1081.65326,279.61408,0.0599,0.09135,0.1214,-0.002328625,-0.275331,0.014143845,0.2305855,48.59,166.22,12,2,0,0,66,0,2,0,18.46,1.99738638,train
EXP0157,COC(OC)c1ccc(O)cc1,1,8,0.6361,108.14,1.70062,0,30.07,1,1,2,1,16.043,0,1,0,0,0,0,0.142857142857143,0,0,0,1,1.0262,0.207008,-0.213416,14.19,-0.280372,0.10787,436.72073,436.72073,989.44716,279.61408,0.081366666,0.1067,0.12043333,-0.002488237,-0.27843568,0.019463934,0.21624866,56.873333,168.192,12,3,0,0,66,0,3,1,38.69,2.98091194,train
EXP0158,CCOC(OCC)Oc1ccccc1,1,4,0.6361,60.096,0.6527,0,92.141,0,0.142857142857143,7,0,16.043,1,1,0,1,0,0,1,0,0,0,1,1.99502,0.25,-0.253017,11.57,-0.369292,0.08614,926.39695,594.14832,666.59669,279.61408,0.0808,0.1788,0.18656667,-0.001557377,-0.28673932,0.015878886,0.222261,53.126667,196.246,14,3,0,0,78,0,3,0,27.69,3.05478434,train
EXP0159,CCOC(Oc1ccccc1)Oc1ccccc1,1,4,0.6361,60.096,0.6527,0,92.141,0,0.142857142857143,7,0,16.043,1,1,0,1,0,0,1,0,0,0,1,1.99502,0.25,-0.253017,11.57,-0.369292,0.08614,926.39695,926.39695,666.59669,279.61408,0.0842,0.1866,0.1949,-0.002020367,-0.23799734,0.016110586,0.223656,53.77667,244.29,18,3,0,0,94,0,3,0,27.69,0.27425486,train
EXP0160,CCOC(C)(Oc1ccccc1)Oc1ccccc1,1,4,1.0262,60.096,0.6527,0,92.141,0,0.142857142857143,7,0,30.07,1,2,0,1,0,0,1,0,0,0,1,1.99502,0.25,-0.253017,11.57,-0.369292,0.08614,926.39695,926.39695,666.59669,436.72073,0.0742,0.2141,0.2195,-0.002392433,-0.24693567,0.014502114,0.23160233,49.90333,258.317,19,3,0,0,100,0,3,0,27.69,2.73332733,train
EXP0161,COc1ccc(C(OC(C)(C)C)OC(C)(C)C)cc1,1,9,0.6361,122.167,2.00362,0,72.151,1,1,5,1,16.043,0,1,0,0,0,0,0.25,0,0,0,1,2.0524,0.205402,-0.212183,13.83,-0.276421,0.106847,899.98739,899.98739,1148.42581,279.61408,0.06996667,0.11083333,0.12126666,-0.002873073,-0.265717,0.016064847,0.20744966,49.05,266.381,19,3,0,0,108,0,3,0,27.69,4.33344727,train
EXP0162,Cc1ccc(C(OC(C)(C)C)OC(C)(C)C)cc1,1,8,0.6361,106.168,2.30344,0,72.151,1,1,5,1,16.043,0,1,0,0,0,0,0.25,0,0,0,0,2.0524,0.219918,-0.227163,13.63,-0.284521,0.112745,899.98739,899.98739,1081.79233,279.61408,0.0804,0.10276667,0.1206,-0.002358443,-0.27434933,0.012162724,0.22249067,35.506668,250.382,18,2,0,0,102,0,2,0,18.46,4.08990511,test
EXP0163,CC(C)(C)OC(OC(C)(C)C)c1ccccc1,1,7,0.6361,92.141,1.99502,0,72.151,1,1,5,1,16.043,0,1,0,0,0,0,0.142857142857143,0,0,0,0,2.0524,0.229673,-0.237023,14.94,-0.287968,0.118006,899.98739,899.98739,926.39695,279.61408,0.0886,0.097833335,0.1216,-0.002275783,-0.27964365,0.013866707,0.22822633,41.533333,236.355,17,2,0,0,96,0,2,0,18.46,3.51982799,train
EXP0164,CC(C)(C)OC(OC(C)(C)C)c1ccc(Cl)cc1,1,8,0.6361,126.586,2.64842,0,72.151,1,1,5,1,16.043,0,1,0,0,0,0,0.142857142857143,0,0,0,0,2.0524,0.231066,-0.236064,14.26,-0.297193,0.123561,899.98739,899.98739,1071.08016,279.61408,0.0869,0.1016,0.1233,0.00014707,-0.28188068,0.015755374,0.228582,50.323334,270.8,18,3,1,0,102,0,2,0,18.46,2.37657696,train
EXP0165,CC(C)(C)OC(OC(C)(C)C)c1c(Cl)cccc1Cl,1,9,0.6361,161.031,3.30182,0,72.151,1,1,5,1,16.043,0,1,0,0,0,0,0.142857142857143,0,0,0,0,2.0524,0.243063,-0.247307,14.72,-0.288793,0.132799,899.98739,899.98739,1201.19652,279.61408,0.0893,0.0937,0.1156,-0.00265683,-0.271443,0.01308823,0.241667,38.72,305.245,19,4,2,0,108,0,2,0,18.46,1.16848835,test
EXP0166,CCCC(OCC)OCC,1,4,0.6361,58.124,1.8064,0,44.097,0,1,3,0,16.043,0,1,0,0,0,0,1,0,0,0,0,1.4163,0.307422,-0.311118,11.67,-0.352105,0.115211,594.14832,594.14832,748.07952,279.61408,0.16546667,0.0718,0.121533334,-0.00077919,-0.301206,0.01223686,0.24767266,34.73,146.23,10,2,0,0,62,0,2,0,18.46,0.6703507,train
EXP0167,O=C(O)c1ccccc1OCOCC(F)(F)F,1,1,0.6361,16.043,0.6361,2,136.15,0,0.125,10,0,16.043,1,1,0,1,3,37.3,1,1,3,1,0,1.69322,0.382793,-0.383609,28.36,-0.476302,0.144823,1137.93905,665.3079,279.61408,279.61408,0.13203333,0.107533336,0.11726667,0.000317603,-0.29313666,0.030969217,0.23060666,65.06,250.172,17,7,3,0,94,0,3,1,55.76,-4.7939571,train
EXP0168,CCOCOc1ccccc1C(=O)O,1,1,0.6361,16.043,0.6361,2,136.15,0,0.125,10,0,16.043,1,1,0,1,0,37.3,1,1,0,1,0,1.69322,0.382793,-0.383609,28.36,-0.476302,0.144823,1137.93905,594.14832,279.61408,279.61408,0.13733333,0.1019,0.11136667,-0.001580987,-0.287981,0.02184899,0.22598967,61.643333,196.202,14,4,0,0,76,0,3,1,55.76,-1.68006156,test
EXP0169,COCOc1ccccc1C(=O)O,1,1,0.6361,16.043,0.6361,2,136.15,0,0.125,10,0,16.043,1,1,0,1,0,37.3,1,1,0,1,0,1.69322,0.382793,-0.383609,28.36,-0.476302,0.144823,1137.93905,436.72073,279.61408,279.61408,0.14353333,0.102633335,0.112166665,-0.002112737,-0.27832767,0.026346536,0.22785367,71.38,182.175,13,4,0,0,70,0,3,1,55.76,-2.22184875,train
EXP0170,O=C(O)c1ccccc1OCOCc1ccccc1,1,1,0.6361,16.043,0.6361,2,136.15,0,0.125,10,0,16.043,1,1,0,1,0,37.3,1,1,0,1,0,1.69322,0.382793,-0.383609,28.36,-0.476302,0.144823,1137.93905,1083.40181,279.61408,279.61408,0.1332,0.0997,0.10905,-0.00039622,-0.2496795,0.021631775,0.2276035,62.12,258.273,19,4,0,0,98,0,3,1,55.76,-2.627088,train
EXP0171,O=C(O)c1ccccc1OCOc1ccccc1C(=O)O,1,1,0.6361,16.043,0.6361,2,136.15,0,0.125,10,0,16.043,1,1,0,1,0,37.3,1,1,2,1,0,1.69322,0.382793,-0.383609,28.36,-0.476302,0.144823,1137.93905,1137.93905,279.61408,279.61408,0.13256666,0.11133333,0.12123334,-0.00282886,-0.25114667,0.023715597,0.23077166,60.376667,288.255,21,6,0,0,108,0,4,2,93.06,-4.69589094,train
EXP0172,COCOc1ccccc1,1,1,0.6361,16.043,0.6361,0,92.141,0,0.142857142857143,7,0,16.043,1,1,0,1,0,0,1,0,0,0,0,1.99502,0.382793,-0.383609,28.36,-0.476302,0.144823,926.39695,436.72073,279.61408,279.61408,0.1185,0.0971,0.107,-0.00125517,-0.28442833,0.016958993,0.21681267,57.056667,138.166,10,2,0,0,54,0,2,0,18.46,-3.34617508,train
EXP0173,COCOc1ccccc1Cl,1,1,0.6361,16.043,0.6361,1,126.586,0,0.142857142857143,8,0,16.043,1,1,1,1,0,0,1,0,0,0,0,2.64842,0.382793,-0.383609,28.36,-0.476302,0.144823,1065.21563,436.72073,279.61408,279.61408,0.124,0.1015,0.1117,-0.001258063,-0.277527,0.024988163,0.222422,73.88333,172.611,11,3,1,0,60,0,2,0,18.46,-3.37008707,train
EXP0174,COCOc1ccc(Cl)cc1,1,1,0.6361,16.043,0.6361,1,126.586,0,0.142857142857143,8,0,16.043,1,1,1,1,0,0,1,0,0,0,0,2.64842,0.382793,-0.383609,28.36,-0.476302,0.144823,1071.08016,436.72073,279.61408,279.61408,0.11506667,0.0993,0.10933334,0.00117455,-0.283144,0.02243624,0.21881467,65.083336,172.611,11,3,1,0,60,0,2,0,18.46,-3.39539276,train
EXP0175,COCOc1ccc([N+](=O)[O-])cc1,1,1,0.6361,16.043,0.6361,3,137.138,0,0.142857142857143,10,0,16.043,1,1,0,1,0,43.14,1,0,0,2,0,1.90322,0.382793,-0.383609,28.36,-0.476302,0.144823,1113.18661,436.72073,279.61408,279.61408,0.18633333,0.1074,0.1155,0.004509887,-0.28711233,0.027671343,0.23817134,68.80334,183.163,13,5,0,0,70,0,4,0,61.6,-3.54535938,train
EXP0176,COCOc1ccccc1C(=O)OC,1,1,0.6361,16.043,0.6361,2,150.177,0,0.222222222222222,11,0,16.043,1,1,0,1,0,26.3,1,0,0,2,0,1.78162,0.382793,-0.383609,28.36,-0.476302,0.144823,1298.10802,436.72073,279.61408,279.61408,0.1275,0.10126667,0.110866666,-0.003850253,-0.27898666,0.02036445,0.22888666,65.736664,196.202,14,4,0,0,76,0,4,0,44.76,-2.94692156,train
EXP0177,COCOc1ccc(C(=O)O)cc1,1,1,0.6361,16.043,0.6361,2,136.15,0,0.125,10,0,16.043,1,1,0,1,0,37.3,1,1,0,1,0,1.69322,0.382793,-0.383609,28.36,-0.476302,0.144823,1147.50539,436.72073,279.61408,279.61408,0.1239,0.0996,0.1109,-0.000350343,-0.278855,0.026444796,0.23137033,67.096664,182.175,13,4,0,0,70,0,3,1,55.76,-3.39539276,test
EXP0178,COCOc1c(C(=O)OC)cccc1C(=O)OC,1,1,0.6361,16.043,0.6361,4,208.213,0,0.272727272727273,15,0,16.043,1,1,0,1,0,52.6,1,0,0,4,0,1.56822,0.382793,-0.383609,28.36,-0.476302,0.144823,1674.87855666667,436.72073,279.61408,279.61408,0.14076667,0.09736667,0.104833335,-0.004735367,-0.28272232,0.018249923,0.25003967,61.22333,254.238,18,6,0,0,98,0,6,0,71.06,-2.39577395,test
EXP0179,COCOc1c(C(=O)O)cccc1C(=O)O,1,1,0.6361,16.043,0.6361,4,180.159,0,0.111111111111111,13,0,16.043,1,1,0,1,0,74.6,1,2,0,2,0,1.39142,0.382793,-0.383609,28.36,-0.476302,0.144823,1356.69036333333,436.72073,279.61408,279.61408,0.1483,0.09673333,0.104266666,-0.00348395,-0.28522134,0.023028936,0.25021133,60.863335,226.184,16,6,0,0,86,0,4,2,93.06,-1.27107835,train
EXP0180,COCOc1c(C)cccc1C(=O)OC,1,1,0.6361,16.043,0.6361,2,164.204,0,0.3,12,0,16.043,1,1,0,1,0,26.3,1,0,0,2,0,2.09004,0.382793,-0.383609,28.36,-0.476302,0.144823,1448.42644,436.72073,279.61408,279.61408,0.1082,0.0917,0.103033334,-0.00306037,-0.28408134,0.016703414,0.233956,55.463333,210.229,15,4,0,0,82,0,4,0,44.76,-2.32975415,train
EXP0181,COCOc1c(C)cccc1C(=O)O,1,1,0.6361,16.043,0.6361,2,150.177,0,0.222222222222222,11,0,16.043,1,1,0,1,0,37.3,1,1,0,1,0,2.00164,0.382793,-0.383609,28.36,-0.476302,0.144823,1288.19117,436.72073,279.61408,279.61408,0.10153333,0.091066666,0.1025,-0.001072603,-0.279421,0.021120546,0.23480166,62.506668,196.202,14,4,0,0,76,0,3,1,55.76,-1.66897783,train
EXP0182,COCOc1c(C(=O)OC)cccc1[N+](=O)[O-],1,1,0.6361,16.043,0.6361,5,195.174,0,0.222222222222222,14,0,16.043,1,1,0,1,0,69.44,1,0,0,4,0,1.68982,0.382793,-0.383609,28.36,-0.476302,0.144823,1482.8752,436.72073,279.61408,279.61408,0.2476,0.10163333,0.1086,-0.000122707,-0.29115465,0.023407243,0.25535733,71.63,241.199,17,7,0,0,92,0,6,0,87.9,-2.45345734,train
EXP0183,COCOc1c(C(=O)O)cccc1[N+](=O)[O-],1,1,0.6361,16.043,0.6361,5,181.147,0,0.125,13,0,16.043,1,1,0,1,0,80.44,1,1,0,3,0,1.60142,0.382793,-0.383609,28.36,-0.476302,0.144823,1322.76544666667,436.72073,279.61408,279.61408,0.22423333,0.1008,0.107666664,-0.000159877,-0.29138634,0.027083132,0.25870967,73.973335,227.172,16,7,0,0,86,0,5,1,98.9,-0.36798837,train
EXP0184,COCOc1ccc([N+](=O)[O-])cc1C(=O)O,1,1,0.6361,16.043,0.6361,5,181.147,0,0.125,13,0,16.043,1,1,0,1,0,80.44,1,1,0,3,0,1.60142,0.382793,-0.383609,28.36,-0.476302,0.144823,1327.59118333333,436.72073,279.61408,279.61408,0.1697,0.1113,0.11963333,0.003949807,-0.294798,0.030629687,0.24694167,71.21333,227.172,16,7,0,0,86,0,5,1,98.9,-1.78515615,train
