Substituent_ID,Substituent_SMILES,Allowed_site,Source_type,Original_source_label,Background_count,High_value_count,Background_frequency,High_value_frequency,Enrichment_delta,Selected_as_enriched_flag,Mutation_parent_ID,Mutation_parent_SMILES
SUB-R1-001,*c1c(C(=O)O)cccc1C(=O)O,R1,enriched,base,13765,1427,0.0295701003643362,0.1137686358925297,0.0841985355281934,TRUE,NA,NA
SUB-R1-002,*CCOCCNC(=O)C=C,R1,enriched,base,24883,1677,0.0534538908365986,0.1337000717531691,0.0802461809165704,TRUE,NA,NA
SUB-R1-003,*C1CCCCC1C(=O)O,R1,enriched,base,13657,831,0.0293380937650374,0.0662520928007653,0.0369139990357279,TRUE,NA,NA
SUB-R1-004,*CCOCCN,R1,enriched,base,8446,558,0.0181437753488691,0.0444869648409471,0.0263431894920779,TRUE,NA,NA
SUB-R1-005,*CC(C)(C)C,R1,enriched,base,3854,363,0.0082791984601636,0.0289404448696484,0.0206612464094848,TRUE,NA,NA
SUB-R1-006,*CCNC(=O)C=C,R1,enriched,base,11282,533,0.024236096789716,0.0424938212548832,0.0182577244651671,TRUE,NA,NA
SUB-R1-007,*C(C)C,R1,enriched,base,2131,270,0.0045778339176462,0.0215259507294905,0.0169481168118443,TRUE,NA,NA
SUB-R1-008,*C(C)(C)C,R1,enriched,base,2658,279,0.0057099401938544,0.0222434824204735,0.0165335422266191,TRUE,NA,NA
SUB-R1-009,*CCC,R1,enriched,base,1624,249,0.0034886918264934,0.0198517101171968,0.0163630182907034,TRUE,NA,NA
SUB-R1-010,*CCNC(=O)OC,R1,enriched,base,13163,554,0.0282768783941706,0.0441680618671769,0.0158911834730062,TRUE,NA,NA
SUB-R1-011,*CCCCCCO,R1,enriched,base,9207,438,0.0197785625902247,0.0349198756278402,0.0151413130376154,TRUE,NA,NA
SUB-R1-012,*CC,R1,enriched,base,1191,189,0.0025585172200453,0.0150681655106433,0.012509648290598,TRUE,NA,NA
SUB-R1-013,*CCOC,R1,enriched,base,4466,253,0.0095939025228569,0.020170613090967,0.0105767105681101,TRUE,NA,NA
SUB-R1-014,*CCCC=C,R1,enriched,base,3789,199,0.0081395648587337,0.0158654229450689,0.0077258580863352,TRUE,NA,NA
SUB-R1-015,*CCCCCCNC(=O)C(F)(F)F,R1,enriched,base,14271,459,0.0306570942462363,0.0365941162401339,0.0059370219938976,TRUE,NA,NA
SUB-R1-016,*CCF,R1,enriched,base,2985,146,0.0064124046195091,0.0116399585426134,0.0052275539231042,TRUE,NA,NA
SUB-R1-017,*C,R1,enriched,base,583,81,0.001252405994363,0.0064577852188471,0.005205379224484,TRUE,NA,NA
SUB-R1-018,*C1CCCCC1C(=O)OCC,R1,enriched,base,13452,399,0.0288977108682202,0.0318105716335804,0.0029128607653602,TRUE,NA,NA
SUB-R1-019,*CCCl,R1,enriched,base,4737,149,0.0101760672303567,0.011879135772941,0.0017030685425843,TRUE,NA,NA
SUB-R1-020,*C,R2,enriched,base,25800,1560,0.0554237987213858,0.1243721597703898,0.068948361049004,TRUE,NA,NA
SUB-R1-021,*CC,R2,enriched,base,25092,1538,0.0539028665704268,0.1226181934146535,0.0687153268442267,TRUE,NA,NA
SUB-R1-022,*CCC,R2,enriched,base,20910,1148,0.0449190554753557,0.0915251534720561,0.0466060979967003,TRUE,NA,NA
SUB-R1-023,*C(C)C,R2,enriched,base,20456,933,0.0439437684745995,0.0743841186319062,0.0304403501573066,TRUE,NA,NA
SUB-R1-024,*C(C)(C)C,R2,enriched,base,15720,698,0.0337698494534955,0.0556485689229052,0.0218787194694096,TRUE,NA,NA
SUB-R1-025,*c1ccccc1,R2,enriched,base,12314,538,0.0264530487385715,0.0428924499720959,0.0164394012335244,TRUE,NA,NA
SUB-R1-026,*CC(C)(C)C,R2,enriched,base,12687,548,0.0272543307898535,0.0436897074065215,0.0164353766166679,TRUE,NA,NA
SUB-R1-027,*c1ccc(C)cc1,R2,enriched,base,4978,294,0.0106937856602735,0.0234393685721119,0.0127455829118383,TRUE,NA,NA
SUB-R1-028,*c1cccc(C)c1,R2,enriched,base,4978,286,0.0106937856602735,0.0228015626245714,0.0121077769642978,TRUE,NA,NA
SUB-R1-029,*c1ccc(OC)cc1,R2,enriched,base,3878,245,0.00833075548223,0.0195328071434266,0.0112020516611966,TRUE,NA,NA
SUB-R1-030,*CCCC=C,R2,enriched,base,13656,505,0.0293359455557846,0.0402615004384915,0.0109255548827068,TRUE,NA,NA
SUB-R1-031,*c1cccc(OC)c1,R2,enriched,base,3878,209,0.00833075548223,0.0166626803794945,0.0083319248972645,TRUE,NA,NA
SUB-R1-032,*C1CCCCC1C(=O)OC,R2,enriched,base,2180,67,0.0046830961710318,0.0053416248106513,0.0006585286396195,TRUE,NA,NA
SUB-R2-001,*c1ccc(OC)cc1,R3,enriched,base,22317,2055,0.0479415858939987,0.1638364027744558,0.1158948168804571,TRUE,NA,NA
SUB-R2-002,*c1ccc(O)cc1,R3,enriched,base,21780,1646,0.0467879975252629,0.1312285737064498,0.0844405761811868,TRUE,NA,NA
SUB-R2-003,*c1ccc(N(C)C)cc1,R3,enriched,base,5300,1167,0.0113855090396645,0.0930399425974647,0.0816544335578001,TRUE,NA,NA
SUB-R2-004,*OCC,R3,enriched,base,51848,2379,0.1113803533374579,0.1896675436498445,0.0782871903123866,TRUE,NA,NA
SUB-R2-005,*c1ccc(C)cc1,R3,enriched,base,14384,916,0.0308998418917989,0.0730287809933827,0.0421289391015837,TRUE,NA,NA
SUB-R2-006,*OC,R3,enriched,base,57934,2058,0.1244543548497972,0.1640755800047835,0.0396212251549863,TRUE,NA,NA
SUB-R2-007,*c1c(OC)cc(OC)cc1OC,R3,enriched,base,6002,336,0.0128935519351068,0.0267878497966993,0.0138942978615924,TRUE,NA,NA
SUB-R2-008,*c1ccccc1,R3,enriched,base,15844,578,0.0340362274008386,0.0460814797097982,0.0120452523089596,TRUE,NA,NA
SUB-R2-009,*c1ccc(OC)cc1OC,R3,enriched,base,6037,210,0.0129687392589537,0.016742406122937,0.0037736668639833,TRUE,NA,NA
SUB-R2-010,*c1ccc(OC)c2ccccc12,R3,enriched,base,2101,77,0.0045133876400632,0.0061388822450769,0.0016254946050136,TRUE,NA,NA
SUB-R2-011,*C=CC,R3,enriched,base,3081,97,0.0066186327077747,0.007733397113928,0.0011147644061532,TRUE,NA,NA
SUB-R2-012,*CCCCC,R4,enriched,base,3647,1597,0.0078345191448408,0.1273220122777645,0.1194874931329236,TRUE,NA,NA
SUB-R2-013,*CC(C)(C)C,R4,enriched,base,4083,1597,0.0087711383790472,0.1273220122777645,0.1185508738987172,TRUE,NA,NA
SUB-R2-014,*C(CC)CC,R4,enriched,base,4083,1399,0.0087711383790472,0.111536315076138,0.1027651766970908,TRUE,NA,NA
SUB-R2-015,*CCCC,R4,enriched,base,4878,1169,0.0104789647349969,0.0931993940843498,0.0827204293493529,TRUE,NA,NA
SUB-R2-016,*C(C)(C)C,R4,enriched,base,5368,1020,0.0115315872688526,0.0813202583114087,0.069788671042556,TRUE,NA,NA
SUB-R2-017,*CC(C)C,R4,enriched,base,5368,1007,0.0115315872688526,0.0802838236466555,0.0687522363778028,TRUE,NA,NA
SUB-R2-018,*CCC,R4,enriched,base,6135,641,0.0131792637657248,0.0511042015466794,0.0379249377809545,TRUE,NA,NA
SUB-R2-019,*C1CC1,R4,enriched,base,44268,1537,0.0950969272014848,0.122538467671211,0.0274415404697261,TRUE,NA,NA
SUB-R2-020,*CCCSC,R4,enriched,base,4549,447,0.0097722038908365,0.0356374073188232,0.0258652034279866,TRUE,NA,NA
SUB-R2-021,*CCCCCCCCCC,R4,enriched,base,264,264,0.0005671272427304,0.0210475962688352,0.0204804690261047,TRUE,NA,NA
SUB-R2-022,*C(C)C,R4,enriched,base,6586,338,0.0141481061387227,0.0269473012835844,0.0127991951448617,TRUE,NA,NA
SUB-R2-023,*CC,R4,enriched,base,8328,260,0.0178902866570426,0.0207286932950649,0.0028384066380222,TRUE,NA,NA
SUB-R3-001,*CCCCO,R1,mutated,new,NA,NA,NA,NA,0.0151413130376154,FALSE,SUB-R1-011,*CCCCCCO
SUB-R3-002,*CCOCC,R1,mutated,new,NA,NA,NA,NA,0.0263431894920779,FALSE,SUB-R1-004,*CCOCCN
SUB-R3-003,*C1CCCCC1,R1,mutated,new,NA,NA,NA,NA,0.0369139990357279,FALSE,SUB-R1-003,*C1CCCCC1C(=O)O
SUB-R3-004,*CCCO,R1,mutated,new,NA,NA,NA,NA,0.0151413130376154,FALSE,SUB-R1-011,*CCCCCCO
SUB-R3-005,*OCCC,R1,mutated,new,NA,NA,NA,NA,0.0105767105681101,FALSE,SUB-R1-013,*CCOC
SUB-R3-006,*CCCN,R1,mutated,new,NA,NA,NA,NA,0.0263431894920779,FALSE,SUB-R1-004,*CCOCCN
SUB-R3-007,*CCCCCC,R1,mutated,new,NA,NA,NA,NA,0.0151413130376154,FALSE,SUB-R1-011,*CCCCCCO
SUB-R3-008,*CCNC(C)=O,R1,mutated,new,NA,NA,NA,NA,0.0158911834730062,FALSE,SUB-R1-010,*CCNC(=O)OC
SUB-R3-009,*CCO,R1,mutated,new,NA,NA,NA,NA,0.0151413130376154,FALSE,SUB-R1-011,*CCCCCCO
SUB-R3-010,*CCBr,R1,mutated,new,NA,NA,NA,NA,0.0163630182907034,FALSE,SUB-R1-009,*CCC
SUB-R3-011,*C(F)(F)F,R1,mutated,new,NA,NA,NA,NA,0.0165335422266191,FALSE,SUB-R1-008,*C(C)(C)C
SUB-R3-012,*OC(=O)CC,R1,mutated,new,NA,NA,NA,NA,0.0158911834730062,FALSE,SUB-R1-010,*CCNC(=O)OC
SUB-R3-013,*CC(=O)OC,R1,mutated,new,NA,NA,NA,NA,0.0158911834730062,FALSE,SUB-R1-010,*CCNC(=O)OC
SUB-R3-014,*CN,R2,mutated,new,NA,NA,NA,NA,0.0687153268442267,FALSE,SUB-R1-021,*CC
SUB-R3-015,*CO,R2,mutated,new,NA,NA,NA,NA,0.0687153268442267,FALSE,SUB-R1-021,*CC
SUB-R3-016,*CF,R2,mutated,new,NA,NA,NA,NA,0.0687153268442267,FALSE,SUB-R1-021,*CC
SUB-R3-017,*CNC,R2,mutated,new,NA,NA,NA,NA,0.0687153268442267,FALSE,SUB-R1-021,*CC
SUB-R3-018,*NCC,R2,mutated,new,NA,NA,NA,NA,0.0687153268442267,FALSE,SUB-R1-021,*CC
SUB-R3-019,*SCC,R2,mutated,new,NA,NA,NA,NA,0.0687153268442267,FALSE,SUB-R1-021,*CC
SUB-R3-020,*CCBr,R2,mutated,new,NA,NA,NA,NA,0.0466060979967003,FALSE,SUB-R1-022,*CCC
SUB-R3-021,*CCN,R2,mutated,new,NA,NA,NA,NA,0.0466060979967003,FALSE,SUB-R1-022,*CCC
SUB-R3-022,*CCCCCC,R2,mutated,new,NA,NA,NA,NA,0.0466060979967003,FALSE,SUB-R1-022,*CCC
SUB-R3-023,*CCO,R2,mutated,new,NA,NA,NA,NA,0.0466060979967003,FALSE,SUB-R1-022,*CCC
SUB-R3-024,*OCCC,R3,mutated,new,NA,NA,NA,NA,0.0782871903123866,FALSE,SUB-R2-004,*OCC
SUB-R3-025,*OCOC,R3,mutated,new,NA,NA,NA,NA,0.0782871903123866,FALSE,SUB-R2-004,*OCC
SUB-R3-026,*CON,R3,mutated,new,NA,NA,NA,NA,0.0782871903123866,FALSE,SUB-R2-004,*OCC
SUB-R4-001,*CC(C)COC,R3,mutated,new,NA,NA,NA,NA,0.0782871903123866,FALSE,SUB-R2-004,*OCC
SUB-R4-002,*CCOCC,R3,mutated,new,NA,NA,NA,NA,0.0782871903123866,FALSE,SUB-R2-004,*OCC
SUB-R4-003,*OCCO,R3,mutated,new,NA,NA,NA,NA,0.0782871903123866,FALSE,SUB-R2-004,*OCC
SUB-R4-004,*C(C)COC,R3,mutated,new,NA,NA,NA,NA,0.0782871903123866,FALSE,SUB-R2-004,*OCC
SUB-R4-005,*COC(C)=O,R3,mutated,new,NA,NA,NA,NA,0.0782871903123866,FALSE,SUB-R2-004,*OCC
SUB-R4-006,*CC(=O)OC,R3,mutated,new,NA,NA,NA,NA,0.0782871903123866,FALSE,SUB-R2-004,*OCC
SUB-R4-007,*OC(=O)CC,R3,mutated,new,NA,NA,NA,NA,0.0782871903123866,FALSE,SUB-R2-004,*OCC
SUB-R4-008,*c1ccncc1,R3,mutated,new,NA,NA,NA,NA,0.0421289391015837,FALSE,SUB-R2-005,*c1ccc(C)cc1
SUB-R4-009,*c1ccoc1,R3,mutated,new,NA,NA,NA,NA,0.0421289391015837,FALSE,SUB-R2-005,*c1ccc(C)cc1
SUB-R4-010,*c1ccsc1,R3,mutated,new,NA,NA,NA,NA,0.0421289391015837,FALSE,SUB-R2-005,*c1ccc(C)cc1
SUB-R4-011,*OC(C)C,R3,mutated,new,NA,NA,NA,NA,0.0396212251549863,FALSE,SUB-R2-006,*OC
SUB-R4-012,*c1ccccn1,R3,mutated,new,NA,NA,NA,NA,0.0120452523089596,FALSE,SUB-R2-008,*c1ccccc1
SUB-R4-013,*CCCCO,R4,mutated,new,NA,NA,NA,NA,0.1194874931329236,FALSE,SUB-R2-012,*CCCCC
SUB-R4-014,*CCCO,R4,mutated,new,NA,NA,NA,NA,0.1194874931329236,FALSE,SUB-R2-012,*CCCCC
SUB-R4-015,*CCCN,R4,mutated,new,NA,NA,NA,NA,0.1194874931329236,FALSE,SUB-R2-012,*CCCCC
SUB-R4-016,*CCCBr,R4,mutated,new,NA,NA,NA,NA,0.1194874931329236,FALSE,SUB-R2-012,*CCCCC
SUB-R4-017,*CCCCl,R4,mutated,new,NA,NA,NA,NA,0.1194874931329236,FALSE,SUB-R2-012,*CCCCC
SUB-R4-018,*CC(C)CF,R4,mutated,new,NA,NA,NA,NA,0.1027651766970908,FALSE,SUB-R2-014,*C(CC)CC
SUB-R4-019,*CC(C)CO,R4,mutated,new,NA,NA,NA,NA,0.1027651766970908,FALSE,SUB-R2-014,*C(CC)CC
SUB-R4-020,*CC(C)CN,R4,mutated,new,NA,NA,NA,NA,0.1027651766970908,FALSE,SUB-R2-014,*C(CC)CC
SUB-R4-021,*CC(C)CCl,R4,mutated,new,NA,NA,NA,NA,0.1027651766970908,FALSE,SUB-R2-014,*C(CC)CC
SUB-R4-022,*CC(C)COC,R4,mutated,new,NA,NA,NA,NA,0.1027651766970908,FALSE,SUB-R2-014,*C(CC)CC
SUB-R4-023,*C(F)(F)F,R4,mutated,new,NA,NA,NA,NA,0.069788671042556,FALSE,SUB-R2-016,*C(C)(C)C
SUB-R4-024,*C(C)CO,R4,mutated,new,NA,NA,NA,NA,0.0687522363778028,FALSE,SUB-R2-017,*CC(C)C
SUB-R4-025,*C(C)COC,R4,mutated,new,NA,NA,NA,NA,0.0687522363778028,FALSE,SUB-R2-017,*CC(C)C
SUB-R4-026,*CCCCCC,R4,mutated,new,NA,NA,NA,NA,0.0204804690261047,FALSE,SUB-R2-021,*CCCCCCCCCC
SUB-R4-027,*CCBr,R4,mutated,new,NA,NA,NA,NA,0.0379249377809545,FALSE,SUB-R2-018,*CCC
SUB-R4-028,*CCO,R4,mutated,new,NA,NA,NA,NA,0.0379249377809545,FALSE,SUB-R2-018,*CCC
SUB-R4-029,*CCN,R4,mutated,new,NA,NA,NA,NA,0.0379249377809545,FALSE,SUB-R2-018,*CCC
SUB-R4-030,*C1CCCCC1,R4,mutated,new,NA,NA,NA,NA,0.0274415404697261,FALSE,SUB-R2-019,*C1CC1
SUB-R4-031,*OCCC,R4,mutated,new,NA,NA,NA,NA,0.0379249377809545,FALSE,SUB-R2-018,*CCC
SUB-R4-032,*C1CCOCC1,R4,mutated,new,NA,NA,NA,NA,0.0274415404697261,FALSE,SUB-R2-019,*C1CC1
SUB-R4-033,*C1CCNCC1,R4,mutated,new,NA,NA,NA,NA,0.0274415404697261,FALSE,SUB-R2-019,*C1CC1
SUB-R4-034,*CCOCC,R4,mutated,new,NA,NA,NA,NA,0.0379249377809545,FALSE,SUB-R2-018,*CCC
