Candidate_ID,Rank,SMILES,Molecule_class,R1_SMILES,R2_SMILES,R3_SMILES,R4_SMILES,Predicted_log_kH,Prediction_uncertainty,Relative_to_current_limit,Beyond_limit_flag,SA_score,logP,Search_run
TS0001,1,CCCCCCCCCCC(OC)(OCN)c1c(OC)cc(OC)cc1OC,ketal,*CN,*C,*c1c(OC)cc(OC)cc1OC,*CCCCCCCCCC,6.9610595703125,0.8536621928215027,0.8610595703125004,TRUE,3.2708715623275832,4.975200000000004,run_01
TS0002,2,CCCCCCCCCCC(OCCC)(OCCC)OCCN,orthoester,*CCN,*CCC,*OCCC,*CCCCCCCCCC,6.784409999847412,0.5884618759155273,0.6844099998474125,TRUE,2.8335662818495724,4.999500000000004,run_01
TS0003,3,CCCCCCCCCCC(OCC)(OCC)ONCC,orthoester,*NCC,*CC,*OCC,*CCCCCCCCCC,6.747187614440918,0.619895339012146,0.6471876144409183,TRUE,2.9584683922705004,4.785100000000004,run_01
TS0004,4,CCCCCCCCCCC(OCCC)(OCCN)OC(C)C,orthoester,*CCN,*C(C)C,*OCCC,*CCCCCCCCCC,6.73374080657959,0.5407156944274902,0.6337408065795902,TRUE,3.304506786200884,4.997900000000004,run_01
TS0005,5,CCCCCCCCCCC(OCC)(OCCC)OCNC,orthoester,*CNC,*CCC,*OCC,*CCCCCCCCCC,6.710467338562012,0.575287401676178,0.6104673385620121,TRUE,3.3706132767413504,4.827600000000004,run_01
TS0006,6,CCCCCCCCCCC(OCC)(OCC)OCNC,orthoester,*CNC,*CC,*OCC,*CCCCCCCCCC,6.703004360198975,0.6018412709236145,0.603004360198975,TRUE,2.938105158893709,4.437500000000004,run_01
TS0007,7,CCCCCCCCCCC(OCC)(OCC)OCN,orthoester,*CN,*CC,*OCC,*CCCCCCCCCC,6.664312839508057,0.5215654969215393,0.564312839508057,TRUE,2.880770465721108,4.176800000000003,run_01
TS0008,8,CCCCCCCCCCC(OCC)(OCCC)OCCCN,orthoester,*CCCN,*CCC,*OCC,*CCCCCCCCCC,6.661957740783691,0.6963818669319153,0.5619577407836918,TRUE,3.200354086496743,4.999500000000004,run_01
TS0009,9,CCCCCCCCCCC(OCC)(OCC)OCCCN,orthoester,*CCCN,*CC,*OCC,*CCCCCCCCCC,6.646759986877441,0.7257572412490845,0.5467599868774418,TRUE,2.7572786921743493,4.609400000000004,run_01
TS0010,10,CCCCCCCCCCC(OCC)(OCNC)OC(C)C,orthoester,*CNC,*C(C)C,*OCC,*CCCCCCCCCC,6.624924659729004,0.5060623288154602,0.5249246597290043,TRUE,3.4298476134781195,4.826000000000004,run_05
TS0011,11,CCCCCCC(OC)(OC(C)C)c1ccc(N(C)C)cc1,ketal,*C(C)C,*C,*c1ccc(N(C)C)cc1,*CCCCCC,6.623726844787598,0.5204719305038452,0.523726844787598,TRUE,3.028038735798422,4.947200000000005,run_01
TS0012,12,CCCCCCCCCCC(OCC)(OCCC)OCCN,orthoester,*CCN,*CCC,*OCC,*CCCCCCCCCC,6.622298240661621,0.6040810346603394,0.5222982406616214,TRUE,3.226532879719019,4.609400000000004,run_03
TS0013,13,CCCCCCCCCCC(OC)(OC)OOCCC,orthoester,*OCCC,*C,*OC,*CCCCCCCCCC,6.621248722076416,0.5544719696044922,0.5212487220764164,TRUE,2.8332237624244048,4.8220000000000045,run_03
TS0014,14,CCCCCCCCCCC(OCC)(OCC)OCO,orthoester,*CO,*CC,*OCC,*CCCCCCCCCC,6.620170593261719,0.528924286365509,0.5201705932617191,TRUE,2.862177059127701,4.210400000000004,run_01
TS0015,15,CCCCCCCCCCC(OCC)(OCC)OCCN,orthoester,*CCN,*CC,*OCC,*CCCCCCCCCC,6.611461639404297,0.6362404823303223,0.5114616394042972,TRUE,2.7866986399888845,4.219300000000002,run_02
TS0016,16,CCCCCCC(OCC)(OCC)c1ccc(N(C)C)cc1,ketal,*CC,*CC,*c1ccc(N(C)C)cc1,*CCCCCC,6.597790718078613,0.5183624029159546,0.49779071807861364,TRUE,2.564550847729002,4.948800000000005,run_01
TS0017,17,CCCCCCCCCCC(OCC)(OCCC)OCCO,orthoester,*CCO,*CCC,*OCC,*CCCCCCCCCC,6.597596645355225,0.5858656764030457,0.49759664535522496,TRUE,3.184395907014304,4.643000000000005,run_01
TS0018,18,CCCCCCCCCCC(OC)(OC)ONCC,orthoester,*NCC,*C,*OC,*CCCCCCCCCC,6.594993591308594,0.5282148122787476,0.4949935913085941,TRUE,2.917895968197957,4.004900000000003,run_05
TS0019,19,CCCCCCC(OC)(OC)c1ccc(N(C)C)cc1,ketal,*C,*C,*c1ccc(N(C)C)cc1,*CCCCCC,6.594681739807129,0.4610513746738434,0.49468173980712926,TRUE,2.431469921265564,4.168600000000003,run_02
TS0020,20,CCCCCCCCCCC(OCCOCCN)(ONCC)c1c(OC)cc(OC)cc1OC,ketal,*CCOCCN,*NCC,*c1c(OC)cc(OC)cc1OC,*CCCCCCCCCC,6.594399452209473,1.0083956718444824,0.494399452209473,TRUE,3.5436577210346822,4.929000000000003,run_02
TS0021,21,CCCCCCCCCCC(OCC)(OCC)OCOC,orthoester,*COC,*CC,*OCC,*CCCCCCCCCC,6.5924391746521,0.5136311650276184,0.49243917465209996,TRUE,2.7746548329484657,4.864500000000005,run_01
TS0022,22,CCCCCCCCCCC(OCC)(OCCCN)OC(C)C,orthoester,*CCCN,*C(C)C,*OCC,*CCCCCCCCCC,6.58715295791626,0.6409429907798767,0.4871529579162601,TRUE,3.253702218893192,4.997900000000004,run_03
TS0023,23,CCCCCCCCCCC(OCCN)(OC(C)C)OC(C)C,orthoester,*CCN,*C(C)C,*OC(C)C,*CCCCCCCCCC,6.584115028381348,0.4853388667106628,0.484115028381348,TRUE,2.9243463663804263,4.996300000000004,run_06
TS0024,24,CCCCCCCCCCC(OCC)(OCC)OCCO,orthoester,*CCO,*CC,*OCC,*CCCCCCCCCC,6.582589626312256,0.6087256073951721,0.4825896263122562,TRUE,2.742419109350031,4.252900000000005,run_01
TS0025,25,CCCCCCCCCCC(OCC)(OCC)OCCCO,orthoester,*CCCO,*CC,*OCC,*CCCCCCCCCC,6.576885223388672,0.6835818290710449,0.47688522338867223,TRUE,2.728224101603629,4.643000000000005,run_01
TS0026,26,CCCCCCCCCCC(OC)(OCC)ONCC,orthoester,*NCC,*CC,*OC,*CCCCCCCCCC,6.5746941566467285,0.5782581567764282,0.47469415664672887,TRUE,3.354407327849257,4.395000000000003,run_01
TS0027,27,CCCCCCC(OC)(OCC)c1ccc(N(C)C)cc1,ketal,*CC,*C,*c1ccc(N(C)C)cc1,*CCCCCC,6.56997537612915,0.5038685202598572,0.46997537612915075,TRUE,2.93424589559556,4.558700000000004,run_01
TS0028,28,CCCCCCCCCCC(OCN)(OCCOCCN)c1c(OC)cc(OC)cc1OC,ketal,*CCOCCN,*CN,*c1c(OC)cc(OC)cc1OC,*CCCCCCCCCC,6.562283992767334,1.0560302734375,0.46228399276733434,TRUE,3.4880304686747987,4.320700000000002,run_03
TS0029,29,CCCCCCC(OC)(OCCC)c1ccc(N(C)C)cc1,ketal,*CCC,*C,*c1ccc(N(C)C)cc1,*CCCCCC,6.56005334854126,0.5244633555412292,0.4600533485412601,TRUE,2.9812549274755984,4.948800000000005,run_01
TS0030,30,CCCCCCCCCCC(OCC)(OCCN)OC(C)C,orthoester,*CCN,*C(C)C,*OCC,*CCCCCCCCCC,6.55703592300415,0.5440632104873657,0.45703592300415075,TRUE,3.283405242734111,4.607800000000004,run_01
TS0031,31,CCCCCCCCCCC(OCCOCCN)(OCNC)c1c(OC)cc(OC)cc1OC,ketal,*CCOCCN,*CNC,*c1c(OC)cc(OC)cc1OC,*CCCCCCCCCC,6.55361270904541,1.004590630531311,0.4536127090454105,TRUE,3.5437413748808364,4.581400000000003,run_02
TS0032,32,CCCCCCCCCCC(OC)(OCCC)ONCC,orthoester,*NCC,*CCC,*OC,*CCCCCCCCCC,6.5514655113220215,0.5094727277755737,0.45146551132202184,TRUE,3.36771774741411,4.785100000000004,run_02
TS0033,33,C=CC(=O)NCCOCCOC(CCCCCCCCCC)(OCNC)c1c(OC)cc(OC)cc1OC,ketal,*CCOCCNC(=O)C=C,*CNC,*c1c(OC)cc(OC)cc1OC,*CCCCCCCCCC,6.532073020935059,0.9511094689369202,0.43207302093505895,TRUE,3.658366140609921,4.924900000000004,run_02
TS0034,34,CCCCCCCCCCC(OC)(OCC)OCCOCC,orthoester,*CCOCC,*CC,*OC,*CCCCCCCCCC,6.524742126464844,0.6863773465156555,0.4247421264648441,TRUE,3.113128413217778,4.9070000000000045,run_01
TS0035,35,C=CC(=O)NCCOCCOC(CCCCCCCCCC)(OCN)c1c(OC)cc(OC)cc1OC,ketal,*CCOCCNC(=O)C=C,*CN,*c1c(OC)cc(OC)cc1OC,*CCCCCCCCCC,6.5111260414123535,0.9580161571502686,0.41112604141235387,TRUE,3.604014808438464,4.664200000000003,run_06
TS0036,36,CCCCCCCCCCC(OCC)(OCCO)OC(C)C,orthoester,*CCO,*C(C)C,*OCC,*CCCCCCCCCC,6.506283760070801,0.5172697305679321,0.40628376007080114,TRUE,3.240577499985056,4.641400000000004,run_03
TS0037,37,CCCCCCCCCCC(OC)(OCC)OCNC,orthoester,*CNC,*CC,*OC,*CCCCCCCCCC,6.5057373046875,0.5665736198425293,0.40573730468750036,TRUE,3.3545507344426646,4.047400000000002,run_01
TS0038,38,CCCCCCCCCCC(OC)(ONCC)OC(C)C,orthoester,*NCC,*C(C)C,*OC,*CCCCCCCCCC,6.502006530761719,0.4289503395557403,0.4020065307617191,TRUE,3.4096034552772574,4.783500000000004,run_01
TS0039,39,CCCCCCCCCCC(OCCN)(OCCOCCN)c1c(OC)cc(OC)cc1OC,ketal,*CCOCCN,*CCN,*c1c(OC)cc(OC)cc1OC,*CCCCCCCCCC,6.4932146072387695,1.0334042310714722,0.3932146072387699,TRUE,3.455032240265453,4.363200000000003,run_02
TS0040,40,CCCCCCCCCCC(OC)(OCCC)OCNC,orthoester,*CNC,*CCC,*OC,*CCCCCCCCCC,6.492045402526856,0.5209877490997314,0.3920454025268567,TRUE,3.367853862146834,4.437500000000004,run_02
TS0041,41,CCCCCCCCCCC(OC)(OCC)OCN,orthoester,*CN,*CC,*OC,*CCCCCCCCCC,6.48593282699585,0.4793978631496429,0.38593282699584996,TRUE,3.2974840899155744,3.7867000000000015,run_01
TS0042,42,CCCCCCCCCCC(OCN)(OCCCN)c1c(OC)cc(OC)cc1OC,ketal,*CCCN,*CN,*c1c(OC)cc(OC)cc1OC,*CCCCCCCCCC,6.484341621398926,0.977953851222992,0.38434162139892614,TRUE,3.419685289110616,4.694200000000004,run_01
TS0043,43,CCCCCCCCCCC(OCCCN)(OCNC)c1c(OC)cc(OC)cc1OC,ketal,*CCCN,*CNC,*c1c(OC)cc(OC)cc1OC,*CCCCCCCCCC,6.473645210266113,0.9665440917015076,0.37364521026611364,TRUE,3.4767648133152944,4.954900000000004,run_01
TS0044,44,CCCCCCCCCCC(OC)(OCC)OCCCCO,orthoester,*CCCCO,*CC,*OC,*CCCCCCCCCC,6.469257354736328,0.7318966388702393,0.3692573547363285,TRUE,3.111116254408845,4.643000000000005,run_01
TS0045,45,C=CC(=O)NCCOCCOC(CCCCCCCCCC)(OCCN)c1c(OC)cc(OC)cc1OC,ketal,*CCOCCNC(=O)C=C,*CCN,*c1c(OC)cc(OC)cc1OC,*CCCCCCCCCC,6.462785243988037,0.9559229016304016,0.36278524398803746,TRUE,3.57877663665593,4.706700000000002,run_02
TS0046,46,CCCCCCCCCCC(OC)(OCC)OCCCN,orthoester,*CCCN,*CC,*OC,*CCCCCCCCCC,6.459267616271973,0.6766405701637268,0.359267616271973,TRUE,3.161337304128581,4.219300000000002,run_01
TS0047,47,CCCCCCCCCCC(OC)(OCCC)OCCCN,orthoester,*CCCN,*CCC,*OC,*CCCCCCCCCC,6.452615261077881,0.6252492666244507,0.3526152610778812,TRUE,3.186401366071377,4.609400000000004,run_01
TS0048,48,CCCCCCCCCCC(OCC)(OCC)OCCNC(C)=O,orthoester,*CCNC(C)=O,*CC,*OCC,*CCCCCCCCCC,6.450662136077881,0.7392618656158447,0.3506621360778812,TRUE,2.7144045605916265,4.396700000000004,run_01
TS0049,49,CCCCCCCCCCC(OC)(OCC)OCCN,orthoester,*CCN,*CC,*OC,*CCCCCCCCCC,6.450389862060547,0.599210798740387,0.35038986206054723,TRUE,3.195033152025082,3.829200000000002,run_01
TS0050,50,CCCCCCCCCCC(OCC)(OCCC)OCCNC(C)=O,orthoester,*CCNC(C)=O,*CCC,*OCC,*CCCCCCCCCC,6.44205379486084,0.697970986366272,0.3420537948608402,TRUE,3.1625751862168787,4.786800000000004,run_01
TS0051,51,CCCCCCCCCCC(OC)(OC)OCCOCC,orthoester,*CCOCC,*C,*OC,*CCCCCCCCCC,6.437307834625244,0.650602400302887,0.3373078346252445,TRUE,2.6599664365990545,4.516900000000004,run_01
TS0052,52,CCCCCCCCCCC(OC)(OCCCN)OC(C)(C)C,orthoester,*CCCN,*C(C)(C)C,*OC,*CCCCCCCCCC,6.434309959411621,0.6142608523368835,0.33430995941162145,TRUE,3.2360736131239616,4.997900000000004,run_01
TS0053,53,CCCCCCCCCCC(OC)(OCCC)OCCN,orthoester,*CCN,*CCC,*OC,*CCCCCCCCCC,6.429617404937744,0.5412102937698364,0.3296174049377445,TRUE,3.216447343242012,4.219300000000002,run_02
TS0054,54,CCCCCCCCCCC(OC)(OC)OCNC,orthoester,*CNC,*C,*OC,*CCCCCCCCCC,6.420825958251953,0.5218652486801147,0.3208259582519535,TRUE,2.918047492145707,3.657300000000002,run_05
TS0055,55,CCCCCCCCCCC(OC)(OCC)OCO,orthoester,*CO,*CC,*OC,*CCCCCCCCCC,6.41726541519165,0.4884070456027984,0.31726541519165075,TRUE,3.2778382263451835,3.820300000000002,run_01
TS0056,56,CCCCCCCCCCC(OC)(OC)OCN,orthoester,*CN,*C,*OC,*CCCCCCCCCC,6.408234596252441,0.4398998320102691,0.30823459625244176,TRUE,2.860076349068839,3.396600000000001,run_03
TS0057,57,CCCCCCC(OCNC)(OC(C)C)c1ccc(N(C)C)cc1,ketal,*CNC,*C(C)C,*c1ccc(N(C)C)cc1,*CCCCCC,6.4056267738342285,0.5112364292144775,0.30562677383422887,TRUE,3.3438428679163694,4.494300000000004,run_01
TS0058,58,CCCCCCCCCCC(OCO)(OCCOCCN)c1c(OC)cc(OC)cc1OC,ketal,*CCOCCN,*CO,*c1c(OC)cc(OC)cc1OC,*CCCCCCCCCC,6.405354499816895,1.0071873664855957,0.3053544998168958,TRUE,3.4768344388981234,4.354300000000003,run_01
TS0059,59,CCCCCCCCCCC(OC)(OCNC)OC(C)C,orthoester,*CNC,*C(C)C,*OC,*CCCCCCCCCC,6.404898166656494,0.4313305616378784,0.3048981666564945,TRUE,3.409741916815719,4.435900000000004,run_01
TS0060,60,CCCCCCCCCCC(OC)(OCCC)OCCCO,orthoester,*CCCO,*CCC,*OC,*CCCCCCCCCC,6.400933265686035,0.598189651966095,0.3009332656860355,TRUE,3.157346775500656,4.643000000000005,run_01
TS0061,61,CCCCCCCCCCC(OC)(OCC)OCCO,orthoester,*CCO,*CC,*OC,*CCCCCCCCCC,6.396649360656738,0.5805672407150269,0.29664936065673864,TRUE,3.148381503673434,3.862800000000003,run_01
TS0062,62,CCCCCCCCCCC(OCN)(OCCNC(C)=O)c1c(OC)cc(OC)cc1OC,ketal,*CCNC(C)=O,*CN,*c1c(OC)cc(OC)cc1OC,*CCCCCCCCCC,6.389012336730957,0.9284939169883728,0.2890123367309574,TRUE,3.4101136815348703,4.481500000000003,run_01
TS0063,63,CCCCCCCCCCC(OCCO)(ONCC)c1c(OC)cc(OC)cc1OC,ketal,*CCO,*NCC,*c1c(OC)cc(OC)cc1OC,*CCCCCCCCCC,6.388708591461182,0.9158886671066284,0.288708591461182,TRUE,3.454833830224673,4.946000000000004,run_01
TS0064,64,CCCCCCCCCCC(OC)(OCCC)OCCO,orthoester,*CCO,*CCC,*OC,*CCCCCCCCCC,6.388556480407715,0.5291467905044556,0.2885564804077152,TRUE,3.172167812603158,4.252900000000004,run_02
TS0065,65,CCCCCCCCCCC(OCCNC(C)=O)(OCNC)c1c(OC)cc(OC)cc1OC,ketal,*CCNC(C)=O,*CNC,*c1c(OC)cc(OC)cc1OC,*CCCCCCCCCC,6.385810852050781,0.9169389605522156,0.2858108520507816,TRUE,3.4685392240711206,4.742200000000004,run_03
TS0066,66,CCCCCCCCCCC(OC)(OCC)OCCCO,orthoester,*CCCO,*CC,*OC,*CCCCCCCCCC,6.384671211242676,0.6361837387084961,0.28467121124267614,TRUE,3.130805361494944,4.252900000000004,run_03
TS0067,67,CCCCCCCCCCC(OC)(OCC)OCOC,orthoester,*COC,*CC,*OC,*CCCCCCCCCC,6.382769584655762,0.4556605517864227,0.2827695846557621,TRUE,3.182344141036072,4.474400000000004,run_06
TS0068,68,CCCCCCCCCCC(OC)(OCC)OCF,orthoester,*CF,*CC,*OC,*CCCCCCCCCC,6.381204128265381,0.4666697680950165,0.2812041282653812,TRUE,3.280231259726896,4.797500000000005,run_03
TS0069,69,CCCCCCCCCCC(OC)(OCCC)OCOC,orthoester,*COC,*CCC,*OC,*CCCCCCCCCC,6.377829074859619,0.3856275081634521,0.2778290748596195,TRUE,3.2044035362015943,4.864500000000005,run_02
TS0070,70,C=CC(=O)NCCOCCOC(CCCCCCCCCC)(OCO)c1c(OC)cc(OC)cc1OC,ketal,*CCOCCNC(=O)C=C,*CO,*c1c(OC)cc(OC)cc1OC,*CCCCCCCCCC,6.3766045570373535,0.8958675265312195,0.27660455703735387,TRUE,3.594002974118937,4.697800000000004,run_02
TS0071,71,CCCCCCCCCCC(OCCO)(OCCOCCN)c1c(OC)cc(OC)cc1OC,ketal,*CCOCCN,*CCO,*c1c(OC)cc(OC)cc1OC,*CCCCCCCCCC,6.373459815979004,0.9822465777397156,0.27345981597900426,TRUE,3.4278187787269907,4.396800000000003,run_01
TS0072,72,C=CC(=O)NCCOCCOC(CCCCCCCCCC)(OCCO)c1c(OC)cc(OC)cc1OC,ketal,*CCOCCNC(=O)C=C,*CCO,*c1c(OC)cc(OC)cc1OC,*CCCCCCCCCC,6.37103271484375,0.905349612236023,0.27103271484375036,TRUE,3.554360820696189,4.740300000000004,run_06
TS0073,73,CCCCCCCCCCC(OCCN)(OCCCN)c1c(OC)cc(OC)cc1OC,ketal,*CCCN,*CCN,*c1c(OC)cc(OC)cc1OC,*CCCCCCCCCC,6.370261192321777,0.9782400131225586,0.2702611923217777,TRUE,3.382141736392218,4.736700000000004,run_01
TS0074,74,CCCCCCCCCCC(OCCCO)(OCNC)c1c(OC)cc(OC)cc1OC,ketal,*CCCO,*CNC,*c1c(OC)cc(OC)cc1OC,*CCCCCCCCCC,6.367419719696045,0.9315512776374816,0.2674197196960453,TRUE,3.4567494286999096,4.988500000000005,run_01
TS0075,75,CCCCCCCCCCC(OC)(OC)OCCCCO,orthoester,*CCCCO,*C,*OC,*CCCCCCCCCC,6.367049217224121,0.6918743252754211,0.26704921722412145,TRUE,2.6578519646303445,4.252900000000004,run_01
TS0076,76,CCCCCCC(OCCC)(ONCC)c1ccc(N(C)C)cc1,ketal,*NCC,*CCC,*c1ccc(N(C)C)cc1,*CCCCCC,6.364571571350098,0.5118283033370972,0.264571571350098,TRUE,3.297278240006966,4.843500000000004,run_01
TS0077,77,CCCCCCCCCCC(OCC)(OCCNC(C)=O)OC(C)C,orthoester,*CCNC(C)=O,*C(C)C,*OCC,*CCCCCCCCCC,6.3634233474731445,0.6449191570281982,0.2634233474731449,TRUE,3.210663337196336,4.785200000000004,run_02
TS0078,78,CCCCCCCCCCC(OCN)(OCCNC(=O)OC)c1c(OC)cc(OC)cc1OC,ketal,*CCNC(=O)OC,*CN,*c1c(OC)cc(OC)cc1OC,*CCCCCCCCCC,6.362093925476074,0.9023801684379578,0.2620939254760746,TRUE,3.443091450791768,4.701400000000004,run_02
TS0079,79,CCCCCCCCCCC(OC)(OCCCN)OC(C)C,orthoester,*CCCN,*C(C)C,*OC,*CCCCCCCCCC,6.361435413360596,0.5570927858352661,0.26143541336059606,TRUE,3.222788597084678,4.607800000000004,run_01
TS0080,80,CCCCCCC(ONCC)(OC(C)C)c1ccc(N(C)C)cc1,ketal,*NCC,*C(C)C,*c1ccc(N(C)C)cc1,*CCCCCC,6.360777854919434,0.5077592730522156,0.26077785491943395,TRUE,3.3437211895946906,4.841900000000004,run_01
TS0081,81,CCCCCCCCCCC(OC)(OC)OCCN,orthoester,*CCN,*C,*OC,*CCCCCCCCCC,6.356514930725098,0.5502638220787048,0.256514930725098,TRUE,2.7495006126101487,3.4391000000000016,run_01
TS0082,82,CCCCCCCCCCC(OCCNC(=O)OC)(OCNC)c1c(OC)cc(OC)cc1OC,ketal,*CCNC(=O)OC,*CNC,*c1c(OC)cc(OC)cc1OC,*CCCCCCCCCC,6.355965614318848,0.8642187714576721,0.255965614318848,TRUE,3.5008601478374146,4.962100000000004,run_01
TS0083,83,CCCCCCCCCCC(OCN)(OCCCO)c1c(OC)cc(OC)cc1OC,ketal,*CCCO,*CN,*c1c(OC)cc(OC)cc1OC,*CCCCCCCCCC,6.355556488037109,0.9334651231765748,0.25555648803710973,TRUE,3.398979718818839,4.727800000000004,run_02
TS0084,84,CCCCCCCCCCC(OC)(OC)OCCCN,orthoester,*CCCN,*C,*OC,*CCCCCCCCCC,6.355049133300781,0.625941276550293,0.2550491333007816,TRUE,2.7121935426441848,3.829200000000002,run_01
TS0085,85,C=CC(=O)NCCOC(CCCCCCCCCC)(OCNC)c1c(OC)cc(OC)cc1OC,ketal,*CCNC(=O)C=C,*CNC,*c1c(OC)cc(OC)cc1OC,*CCCCCCCCCC,6.3541340827941895,0.9246720671653748,0.2541340827941898,TRUE,3.5877405246035057,4.908300000000004,run_01
TS0086,86,CCCCCCC(OCCOCCN)(OCC(C)(C)C)c1ccc(N(C)C)cc1,ketal,*CCOCCN,*CC(C)(C)C,*c1ccc(N(C)C)cc1,*CCCCCC,6.351143836975098,0.6201876401901245,0.251143836975098,TRUE,3.3716018385944304,4.930400000000004,run_03
TS0087,87,CCCCCC(OCC)(OC(C)C)c1ccc(N(C)C)cc1,ketal,*C(C)C,*CC,*c1ccc(N(C)C)cc1,*CCCCC,6.346798419952393,0.402514785528183,0.24679841995239293,TRUE,3.0838571973368847,4.947200000000005,run_01
TS0088,88,C=CC(=O)NCCOC(CCCCCCCCCC)(OCN)c1c(OC)cc(OC)cc1OC,ketal,*CCNC(=O)C=C,*CN,*c1c(OC)cc(OC)cc1OC,*CCCCCCCCCC,6.345463275909424,0.9395257830619812,0.24546327590942418,TRUE,3.532715418403104,4.647600000000003,run_01
TS0089,89,CCCCCCCCCCC(OC)(OCCN)OC(C)C,orthoester,*CCN,*C(C)C,*OC,*CCCCCCCCCC,6.343781471252441,0.4652629792690277,0.24378147125244176,TRUE,3.255724940688397,4.217700000000002,run_02
TS0090,90,CCCCCCCCCCC(OC)(OCC)OC(=O)CC,orthoester,*C(=O)CC,*CC,*OC,*CCCCCCCCCC,6.343219757080078,0.5562461614608765,0.24321975708007848,TRUE,3.10687639957434,4.807100000000005,run_01
TS0091,91,CCCCCCCCCCC(OCCO)(OCNC)c1c(OC)cc(OC)cc1OC,ketal,*CCO,*CNC,*c1c(OC)cc(OC)cc1OC,*CCCCCCCCCC,6.338127136230469,0.8993167877197266,0.2381271362304691,TRUE,3.4549261379169813,4.598400000000003,run_01
TS0092,92,CCCCCCCCCCC(OCN)(OCCO)c1c(OC)cc(OC)cc1OC,ketal,*CCO,*CN,*c1c(OC)cc(OC)cc1OC,*CCCCCCCCCC,6.3353657722473145,0.9207189083099364,0.2353657722473148,TRUE,3.3974804003608448,4.3377000000000026,run_01
TS0093,93,CCCCCCC(OCC)(OCN)c1ccc(N(C)C)cc1,ketal,*CN,*CC,*c1ccc(N(C)C)cc1,*CCCCCC,6.333967685699463,0.5083973407745361,0.23396768569946325,TRUE,3.2007119262145647,3.845100000000002,run_01
TS0094,94,CCCCCCC(OCC)(ONCC)c1ccc(N(C)C)cc1,ketal,*NCC,*CC,*c1ccc(N(C)C)cc1,*CCCCCC,6.333682060241699,0.5129083395004272,0.23368206024169957,TRUE,3.2634853919701143,4.453400000000004,run_01
TS0095,95,CCCCCCC(OCCC)(OCNC)c1ccc(N(C)C)cc1,ketal,*CNC,*CCC,*c1ccc(N(C)C)cc1,*CCCCCC,6.332957744598389,0.5151628851890564,0.23295774459838903,TRUE,3.29739810223429,4.495900000000003,run_01
TS0096,96,CCOC(OC(C)C)(c1ccc(N(C)C)cc1)C1CCCCC1,ketal,*C(C)C,*CC,*c1ccc(N(C)C)cc1,*C1CCCCC1,6.330740928649902,0.4146345555782318,0.2307409286499027,TRUE,3.226780103508576,4.947200000000005,run_01
TS0097,97,CCCCCCCCCCC(OC)(OC)OC(=O)CC,orthoester,*C(=O)CC,*C,*OC,*CCCCCCCCCC,6.328012943267822,0.5377092957496643,0.22801294326782262,TRUE,2.654685026160669,4.417000000000003,run_03
TS0098,98,CCCCCCCCCCC(OC)(OC)OCO,orthoester,*CO,*C,*OC,*CCCCCCCCCC,6.324872016906738,0.4480673372745514,0.22487201690673864,TRUE,2.839251733684224,3.4302000000000024,run_01
TS0099,99,CCCCCCCCCCC(OCO)(OCCCN)c1c(OC)cc(OC)cc1OC,ketal,*CCCN,*CO,*c1c(OC)cc(OC)cc1OC,*CCCCCCCCCC,6.322604179382324,0.950693428516388,0.22260417938232457,TRUE,3.4077171193493427,4.727800000000004,run_01
TS0100,100,COC(OC(C)C)(c1ccc(N(C)C)cc1)C1CCCCC1,ketal,*C(C)C,*C,*c1ccc(N(C)C)cc1,*C1CCCCC1,6.314818382263184,0.417498230934143,0.21481838226318395,TRUE,3.178712430628183,4.557100000000005,run_01
TS0101,101,COC(OC)(c1ccc(N(C)C)cc1)C1CCCCC1,ketal,*C,*C,*c1ccc(N(C)C)cc1,*C1CCCCC1,6.30745792388916,0.3392141461372375,0.2074579238891605,TRUE,2.661825685501327,3.778500000000003,run_01
TS0102,102,CCCCCCCCCCC(OCCC)(OCCCN)OC(=O)CC,orthoester,*CCCN,*C(=O)CC,*OCCC,*CCCCCCCCCC,6.305870532989502,0.6594702005386353,0.2058705329895023,TRUE,3.2745272741289684,4.916200000000004,run_02
TS0103,103,COC(OC(C)(C)C)(c1ccc(N(C)C)cc1)C1CCCCC1,ketal,*C(C)(C)C,*C,*c1ccc(N(C)C)cc1,*C1CCCCC1,6.302817344665527,0.4549450576305389,0.2028173446655277,TRUE,3.193396690047039,4.947200000000005,run_01
TS0104,104,CCCCCCC(OCC)(OCNC)c1ccc(N(C)C)cc1,ketal,*CNC,*CC,*c1ccc(N(C)C)cc1,*CCCCCC,6.301201343536377,0.5058138370513916,0.2012013435363773,TRUE,3.2636108727393456,4.105800000000003,run_03
TS0105,105,CCCCCCCCCCC(OC)(OC)OCOC,orthoester,*COC,*C,*OC,*CCCCCCCCCC,6.301154136657715,0.432704210281372,0.2011541366577152,TRUE,2.7360933557161005,4.084300000000003,run_02
TS0106,106,CCCCCCCCCCC(OC)(OC)OCF,orthoester,*CF,*C,*OC,*CCCCCCCCCC,6.2996039390563965,0.4867779612541199,0.19960393905639684,TRUE,2.841788349068837,4.407400000000004,run_01
TS0107,107,CCCCCCCCCCC(OCCN)(OCCNC(=O)OC)c1c(OC)cc(OC)cc1OC,ketal,*CCNC(=O)OC,*CCN,*c1c(OC)cc(OC)cc1OC,*CCCCCCCCCC,6.296764850616455,0.8850234746932983,0.19676485061645543,TRUE,3.413961403724384,4.743900000000004,run_01
TS0108,108,CCCCCCC(OC)(OCN)c1ccc(N(C)C)cc1,ketal,*CN,*C,*c1ccc(N(C)C)cc1,*CCCCCC,6.2922773361206055,0.4796073138713836,0.19227733612060582,TRUE,3.1649419168157182,3.455000000000002,run_03
TS0109,109,CCCCCCCCCCC(OC)(OCCCO)OC(C)C,orthoester,*CCCO,*C(C)C,*OC,*CCCCCCCCCC,6.288281440734863,0.5193310976028442,0.18828144073486364,TRUE,3.193257701750504,4.641400000000004,run_01
TS0110,110,CCCCCCCCCCC(OCCN)(OCCNC(C)=O)c1c(OC)cc(OC)cc1OC,ketal,*CCNC(C)=O,*CCN,*c1c(OC)cc(OC)cc1OC,*CCCCCCCCCC,6.288099765777588,0.9155115485191344,0.18809976577758825,TRUE,3.378896309091364,4.524000000000004,run_01
TS0111,111,CCOC(OC)(c1ccc(N(C)C)cc1)C1CCCCC1,ketal,*CC,*C,*c1ccc(N(C)C)cc1,*C1CCCCC1,6.285851001739502,0.3978616297245025,0.1858510017395023,TRUE,3.129897147674865,4.168600000000004,run_01
TS0112,112,CCCCCCCCCCC(OC)(OC)OCCCO,orthoester,*CCCO,*C,*OC,*CCCCCCCCCC,6.284629821777344,0.584517776966095,0.1846298217773441,TRUE,2.6800259602266028,3.862800000000003,run_01
TS0113,113,CCCOC(OCC)(c1ccc(N(C)C)cc1)C1CCCCC1,ketal,*CCC,*CC,*c1ccc(N(C)C)cc1,*C1CCCCC1,6.281965732574463,0.4212388396263122,0.18196573257446325,TRUE,3.198867222591417,4.948800000000005,run_01
TS0114,114,C=CC(=O)NCCOC(CCCCCCCCCC)(OCCN)c1c(OC)cc(OC)cc1OC,ketal,*CCNC(=O)C=C,*CCN,*c1c(OC)cc(OC)cc1OC,*CCCCCCCCCC,6.28159761428833,0.9414585828781128,0.18159761428833043,TRUE,3.500841780490476,4.690100000000004,run_03
TS0115,115,CCOC(OCC)(c1ccc(N(C)C)cc1)C1CCCCC1,ketal,*CC,*CC,*c1ccc(N(C)C)cc1,*C1CCCCC1,6.281465530395508,0.3986684679985046,0.18146553039550817,TRUE,2.762441967608593,4.558700000000004,run_04
TS0116,116,CCCCCCCCCCC(OCCO)(OCCCN)c1c(OC)cc(OC)cc1OC,ketal,*CCCN,*CCO,*c1c(OC)cc(OC)cc1OC,*CCCCCCCCCC,6.279134750366211,0.935716986656189,0.1791347503662113,TRUE,3.353114044084526,4.770300000000003,run_01
TS0117,117,CCCCCCC(OCCN)(OC(C)C)c1ccc(N(C)C)cc1,ketal,*CCN,*C(C)C,*c1ccc(N(C)C)cc1,*CCCCCC,6.278408050537109,0.5220309495925903,0.17840805053710973,TRUE,3.214811399384901,4.276100000000003,run_02
TS0118,118,CCCCCCCCCCC(OC)(OC)OCCO,orthoester,*CCO,*C,*OC,*CCCCCCCCCC,6.275314807891846,0.5241908431053162,0.17531480789184606,TRUE,2.7002083049178403,3.472700000000003,run_05
TS0119,119,CCCCCCC(OCCCN)(OC(C)C)c1ccc(N(C)C)cc1,ketal,*CCCN,*C(C)C,*c1ccc(N(C)C)cc1,*CCCCCC,6.266732692718506,0.5531281232833862,0.16673269271850621,TRUE,3.195442601410382,4.666200000000004,run_01
TS0120,120,CCCCCC(OC)(OC(C)C)c1ccc(N(C)C)cc1,ketal,*C(C)C,*C,*c1ccc(N(C)C)cc1,*CCCCC,6.266362190246582,0.4079688787460327,0.1663621902465824,TRUE,3.041808229813066,4.557100000000005,run_02
TS0121,121,CCOC(OC)(c1ccc(N(C)C)cc1)C(CC)CC,ketal,*CC,*C,*c1ccc(N(C)C)cc1,*C(CC)CC,6.265069961547852,0.4054239690303802,0.16506996154785192,TRUE,3.2447419432338727,4.024500000000003,run_01
TS0122,122,CCCCCCCCCCC(OC)(OCCO)OC(C)C,orthoester,*CCO,*C(C)C,*OC,*CCCCCCCCCC,6.262564182281494,0.4411519169807434,0.1625641822814945,TRUE,3.2106819698661173,4.251300000000003,run_01
TS0123,123,CCCCCCC(OC)(ONCC)c1ccc(N(C)C)cc1,ketal,*NCC,*C,*c1ccc(N(C)C)cc1,*CCCCCC,6.262126445770264,0.4859550893306732,0.16212644577026403,TRUE,3.229427941346973,4.063300000000004,run_06
TS0124,124,CCCCCCC(OCCOC)(OC(C)C)c1ccc(N(C)C)cc1,ketal,*CCOC,*C(C)C,*c1ccc(N(C)C)cc1,*CCCCCC,6.2600579261779785,0.5427493453025818,0.16005792617797887,TRUE,3.1317643405408173,4.963800000000005,run_03
TS0125,125,CCCCCCC(OCCOCCN)(OC(C)(C)C)c1ccc(N(C)C)cc1,ketal,*CCOCCN,*C(C)(C)C,*c1ccc(N(C)C)cc1,*CCCCCC,6.259676456451416,0.6265203952789307,0.15967645645141637,TRUE,3.285868657540064,4.682800000000004,run_01
TS0126,126,CCCOC(OC)(c1ccc(N(C)C)cc1)C1CCCCC1,ketal,*CCC,*C,*c1ccc(N(C)C)cc1,*C1CCCCC1,6.2572197914123535,0.4255644083023071,0.15721979141235387,TRUE,3.149760423143336,4.558700000000004,run_01
TS0127,127,CCCCCCCCCCC(OC)(OCOC)OC(C)C,orthoester,*COC,*C(C)C,*OC,*CCCCCCCCCC,6.256997108459473,0.3352668285369873,0.156997108459473,TRUE,3.2434734818024555,4.862900000000004,run_01
TS0128,128,CCCCCC(OCC)(OCCC)c1ccc(N(C)C)cc1,ketal,*CCC,*CC,*c1ccc(N(C)C)cc1,*CCCCC,6.253688335418701,0.4157220125198364,0.15368833541870153,TRUE,3.036158332267528,4.948800000000005,run_01
TS0129,129,CCOC(CC(C)(C)C)(OC(C)C)c1ccc(N(C)C)cc1,ketal,*C(C)C,*CC,*c1ccc(N(C)C)cc1,*CC(C)(C)C,6.253098487854004,0.3997159600257873,0.15309848785400426,TRUE,3.218838099193648,4.803100000000005,run_04
TS0130,130,CCCCCCCCCCC(OC)(OCC)OCCNC(C)=O,orthoester,*CCNC(C)=O,*CC,*OC,*CCCCCCCCCC,6.249073505401611,0.692014217376709,0.14907350540161168,TRUE,3.111889478508578,4.006600000000002,run_02
TS0131,131,CCCCCCCCCCC(OCC)(OCO)OCCC,orthoester,*CCC,*CO,*OCC,*CCCCCCCCCC,6.2469801902771,0.6721159219741821,0.14698019027709996,TRUE,3.296133132029494,4.600500000000004,run_01
TS0132,132,CCCCCCCCCCC(OCO)(OCCNC(C)=O)c1c(OC)cc(OC)cc1OC,ketal,*CCNC(C)=O,*CO,*c1c(OC)cc(OC)cc1OC,*CCCCCCCCCC,6.245759963989258,0.8814039826393127,0.14575996398925817,TRUE,3.398795955782361,4.515100000000003,run_06
TS0133,133,COC(CC(C)(C)C)(OC(C)(C)C)c1ccc(N(C)C)cc1,ketal,*C(C)(C)C,*C,*c1ccc(N(C)C)cc1,*CC(C)(C)C,6.242239952087402,0.4423385560512543,0.1422399520874027,TRUE,3.195367318794375,4.803100000000005,run_01
TS0134,134,CCCCCCCCCCC(OCCN)(OCCCO)c1c(OC)cc(OC)cc1OC,ketal,*CCCO,*CCN,*c1c(OC)cc(OC)cc1OC,*CCCCCCCCCC,6.241235733032227,0.9272149205207824,0.14123573303222692,TRUE,3.3621263517768343,4.770300000000003,run_02
TS0135,135,CCCCCC(OC)(OC)c1ccc(N(C)C)cc1,ketal,*C,*C,*c1ccc(N(C)C)cc1,*CCCCC,6.241126537322998,0.3646541237831116,0.1411265373229984,TRUE,2.4428779376073564,3.778500000000003,run_01
TS0136,136,CCCCCC(OCC)(OCC)c1ccc(N(C)C)cc1,ketal,*CC,*CC,*c1ccc(N(C)C)cc1,*CCCCC,6.239105701446533,0.400210827589035,0.13910570144653356,TRUE,2.57517836844278,4.558700000000004,run_01
TS0137,137,CCCCCCCCCCC(OCN)(OCCOC)c1c(OC)cc(OC)cc1OC,ketal,*CCOC,*CN,*c1c(OC)cc(OC)cc1OC,*CCCCCCCCCC,6.239081859588623,0.9303314089775084,0.1390818595886234,TRUE,3.3691818408347523,4.991800000000004,run_01
TS0138,138,CCCCCCC(OCC)(OCCOCC)c1ccc(N(C)C)cc1,ketal,*CCOCC,*CC,*c1ccc(N(C)C)cc1,*CCCCCC,6.238869667053223,0.5623694658279419,0.138869667053223,TRUE,3.0791896917113863,4.965400000000005,run_01
TS0139,139,CCCCCC(OC)(OC(C)(C)C)c1ccc(N(C)C)cc1,ketal,*C(C)(C)C,*C,*c1ccc(N(C)C)cc1,*CCCCC,6.236780643463135,0.4402356147766113,0.13678064346313512,TRUE,3.058894224716284,4.947200000000005,run_04
TS0140,140,CCCCCCCCCCC(OC)(OCCC)OCCNC(C)=O,orthoester,*CCNC(C)=O,*CCC,*OC,*CCCCCCCCCC,6.234281539916992,0.6405158042907715,0.13428153991699254,TRUE,3.142608435184922,4.396700000000004,run_03
TS0141,141,CCCCCCC(OC)(OCNC)c1ccc(N(C)C)cc1,ketal,*CNC,*C,*c1ccc(N(C)C)cc1,*CCCCCC,6.234023094177246,0.4796644151210785,0.13402309417724645,TRUE,3.229559593301575,3.715700000000002,run_06
TS0142,142,CCCCCCC(OC)(OOCCC)c1ccc(N(C)C)cc1,ketal,*OCCC,*C,*c1ccc(N(C)C)cc1,*CCCCCC,6.233664989471436,0.5329060554504395,0.1336649894714368,TRUE,3.168704141970116,4.880400000000005,run_01
TS0143,143,CCC(CC)C(OC)(OC)c1ccc(N(C)C)cc1,ketal,*C,*C,*c1ccc(N(C)C)cc1,*C(CC)CC,6.230715274810791,0.3370993435382843,0.13071527481079137,TRUE,2.790529486510941,3.634400000000003,run_04
TS0144,144,CCCCCCCCCCC(OCCC)(OCCCN)OCOC,orthoester,*CCCN,*COC,*OCCC,*CCCCCCCCCC,6.228993892669678,0.5770243406295776,0.1289938926696781,TRUE,3.3142035219682,4.583500000000004,run_01
TS0145,145,CCCCCCCCCCC(OCCC)(OCCCCO)ONCC,orthoester,*CCCCO,*NCC,*OCCC,*CCCCCCCCCC,6.2262282371521,0.7497232556343079,0.12622823715209996,TRUE,3.424807828222762,4.927800000000005,run_03
TS0146,146,CCCCCCC(OCCOCCN)(OC(C)C)c1ccc(N(C)C)cc1,ketal,*CCOCCN,*C(C)C,*c1ccc(N(C)C)cc1,*CCCCCC,6.226007461547852,0.6154752969741821,0.12600746154785192,TRUE,3.26565426352661,4.292700000000004,run_01
TS0147,147,CCC(CC)C(OC)(OC(C)C)c1ccc(N(C)C)cc1,ketal,*C(C)C,*C,*c1ccc(N(C)C)cc1,*C(CC)CC,6.225194454193115,0.3977735638618469,0.1251944541931156,TRUE,3.311532955087793,4.413000000000004,run_01
TS0148,148,CCOC(OC(C)C)(c1ccc(N(C)C)cc1)C(CC)CC,ketal,*C(C)C,*CC,*c1ccc(N(C)C)cc1,*C(CC)CC,6.225165367126465,0.3874684870243072,0.1251653671264652,TRUE,3.346347418979648,4.803100000000005,run_03
TS0149,149,CCCCCC(OC)(OCC)c1ccc(N(C)C)cc1,ketal,*CC,*C,*c1ccc(N(C)C)cc1,*CCCCC,6.224276065826416,0.3954678177833557,0.12427606582641637,TRUE,2.946321523653454,4.168600000000003,run_06
TS0150,150,CCCCCCCCCCC(OCCC)(OCCCO)OC(=O)CC,orthoester,*CCCO,*C(=O)CC,*OCCC,*CCCCCCCCCC,6.221102237701416,0.6104300618171692,0.12110223770141637,TRUE,3.2487932081949022,4.949800000000006,run_05
TS0151,151,CCCCCCCCCCC(OCO)(OCCNC(=O)OC)c1c(OC)cc(OC)cc1OC,ketal,*CCNC(=O)OC,*CO,*c1c(OC)cc(OC)cc1OC,*CCCCCCCCCC,6.219108581542969,0.8486324548721313,0.1191085815429691,TRUE,3.432131126905128,4.735000000000004,run_01
TS0152,152,COC(CC(C)(C)C)(OC)c1ccc(N(C)C)cc1,ketal,*C,*C,*c1ccc(N(C)C)cc1,*CC(C)(C)C,6.215062141418457,0.3363614082336426,0.11506214141845739,TRUE,2.634722789678364,3.634400000000003,run_01
TS0153,153,CCCCCCCCCCC(OCCN)(OCCO)c1c(OC)cc(OC)cc1OC,ketal,*CCO,*CCN,*c1c(OC)cc(OC)cc1OC,*CCCCCCCCCC,6.21434211730957,0.901783287525177,0.11434211730957067,TRUE,3.3570401962724183,4.380200000000003,run_01
TS0154,154,CCCOC(OC)(c1ccc(N(C)C)cc1)C(CC)CC,ketal,*CCC,*C,*c1ccc(N(C)C)cc1,*C(CC)CC,6.213912963867188,0.4283382594585418,0.11391296386718874,TRUE,3.277212278396062,4.4146000000000045,run_01
TS0155,155,CCCCCCCCCCC(OCCO)(OCCNC(=O)OC)c1c(OC)cc(OC)cc1OC,ketal,*CCNC(=O)OC,*CCO,*c1c(OC)cc(OC)cc1OC,*CCCCCCCCCC,6.213764190673828,0.8413879871368408,0.11376419067382848,TRUE,3.3873033189520143,4.777500000000004,run_03
TS0156,156,CCCCCCCCCCC(OCC)(OCN)OC(C)(C)C,orthoester,*C(C)(C)C,*CN,*OCC,*CCCCCCCCCC,6.212202072143555,0.6930288672447205,0.11220207214355504,TRUE,3.3817387357984234,4.9554000000000045,run_01
TS0157,157,CCCCCCCCCCC(OCC)(OCO)OC(C)(C)C,orthoester,*C(C)(C)C,*CO,*OCC,*CCCCCCCCCC,6.211198329925537,0.7066503167152405,0.11119832992553746,TRUE,3.364384889644577,4.989000000000005,run_02
TS0158,158,C=CC(=O)NCCOC(CCCCCCCCCC)(OCO)c1c(OC)cc(OC)cc1OC,ketal,*CCNC(=O)C=C,*CO,*c1c(OC)cc(OC)cc1OC,*CCCCCCCCCC,6.210267066955566,0.8878158926963806,0.11026706695556676,TRUE,3.521755094516464,4.681200000000004,run_01
TS0159,159,COC(CC(C)(C)C)(OC(C)C)c1ccc(N(C)C)cc1,ketal,*C(C)C,*C,*c1ccc(N(C)C)cc1,*CC(C)(C)C,6.209969997406006,0.4067310392856598,0.10996999740600621,TRUE,3.183656621421457,4.413000000000004,run_01
TS0160,160,CCCCCCCCCCC(OCC)(OCN)OCCC,orthoester,*CCC,*CN,*OCC,*CCCCCCCCCC,6.2098002433776855,0.649764895439148,0.1098002433776859,TRUE,3.313781111168998,4.566900000000003,run_01
TS0161,161,CCCCCC(OC)(OCCC)c1ccc(N(C)C)cc1,ketal,*CCC,*C,*c1ccc(N(C)C)cc1,*CCCCC,6.208618640899658,0.4138600528240204,0.10861864089965856,TRUE,2.991876930078318,4.558700000000004,run_01
TS0162,162,CCCCCCCCCCC(OC)(OCCNC(C)=O)OC(C)(C)C,orthoester,*CCNC(C)=O,*C(C)(C)C,*OC,*CCCCCCCCCC,6.208541870117188,0.6180063486099243,0.10854187011718874,TRUE,3.1928389224806164,4.785200000000004,run_01
TS0163,163,CCCCCCC(OCCCO)(OC(C)C)c1ccc(N(C)C)cc1,ketal,*CCCO,*C(C)C,*c1ccc(N(C)C)cc1,*CCCCCC,6.207023143768311,0.5427202582359314,0.10702314376831179,TRUE,3.1693355779990107,4.699800000000004,run_02
TS0164,164,CCCCCCCCCCC(OCCO)(OCCNC(C)=O)c1c(OC)cc(OC)cc1OC,ketal,*CCNC(C)=O,*CCO,*c1c(OC)cc(OC)cc1OC,*CCCCCCCCCC,6.206574440002441,0.878188967704773,0.10657444000244176,TRUE,3.351396390063023,4.557600000000003,run_02
TS0165,165,COC(OCC(C)(C)C)(c1ccc(N(C)C)cc1)C(C)(C)C,ketal,*CC(C)(C)C,*C,*c1ccc(N(C)C)cc1,*C(C)(C)C,6.202018737792969,0.375975102186203,0.1020187377929691,TRUE,3.325725213531217,4.660600000000004,run_01
TS0166,166,CCCCCCC(OCCC)(OCCOC)c1ccc(N(C)C)cc1,ketal,*CCOC,*CCC,*c1ccc(N(C)C)cc1,*CCCCCC,6.200277805328369,0.5439072251319885,0.1002778053283695,TRUE,3.0907591422608363,4.965400000000005,run_01
TS0167,167,CCCCCCCCCCC(OCO)(OCCCO)c1c(OC)cc(OC)cc1OC,ketal,*CCCO,*CO,*c1c(OC)cc(OC)cc1OC,*CCCCCCCCCC,6.1940598487854,0.8979998826980591,0.09405984878540075,TRUE,3.387011549057565,4.7614000000000045,run_01
TS0168,168,CCC(CC)C(OC)(OC(C)(C)C)c1ccc(N(C)C)cc1,ketal,*C(C)(C)C,*C,*c1ccc(N(C)C)cc1,*C(CC)CC,6.189672470092773,0.4217104911804199,0.08967247009277379,TRUE,3.319122449326274,4.803100000000005,run_01
TS0169,169,CCOC(CC(C)(C)C)(OC)c1ccc(N(C)C)cc1,ketal,*CC,*C,*c1ccc(N(C)C)cc1,*CC(C)(C)C,6.183431148529053,0.3832907974720001,0.08343114852905309,TRUE,3.0909796790829294,4.024500000000003,run_03
TS0170,170,CCCCCCCCCCC(OCCC)(OCCCN)ONCC,orthoester,*CCCN,*NCC,*OCCC,*CCCCCCCCCC,6.182846546173096,0.7214220762252808,0.08284654617309606,TRUE,3.473688816085847,4.504100000000003,run_01
TS0171,171,CCCCCCC(OCC)(OCO)c1ccc(N(C)C)cc1,ketal,*CO,*CC,*c1ccc(N(C)C)cc1,*CCCCCC,6.182610511779785,0.4807339906692505,0.08261051177978551,TRUE,3.183642569341929,3.878700000000003,run_02
TS0172,172,CCCCCCCCCCC(OCCCN)(OC(=O)CC)OC(C)C,orthoester,*CCCN,*C(=O)CC,*OC(C)C,*CCCCCCCCCC,6.181977272033691,0.6074818968772888,0.08197727203369176,TRUE,3.306709491042489,4.914600000000004,run_01
TS0173,173,C=CC(=O)NCCOC(CCCCCCCCCC)(OCCO)c1c(OC)cc(OC)cc1OC,ketal,*CCNC(=O)C=C,*CCO,*c1c(OC)cc(OC)cc1OC,*CCCCCCCCCC,6.181939601898193,0.8893481492996216,0.08193960189819371,TRUE,3.4741836957181054,4.7237000000000045,run_01
TS0174,174,CCOC(OCC)(c1ccc(N(C)C)cc1)C(CC)CC,ketal,*CC,*CC,*c1ccc(N(C)C)cc1,*C(CC)CC,6.1796698570251465,0.403238296508789,0.07966985702514684,TRUE,2.864669531363342,4.4146000000000045,run_02
TS0175,175,CCCCCCCCCCC(OC)(OC)OCCBr,orthoester,*CCBr,*C,*OC,*CCCCCCCCCC,6.179047584533691,0.6092255711555481,0.07904758453369176,TRUE,2.835790888372122,4.875300000000005,run_01
TS0176,176,CCCOC(CC(C)(C)C)(OCC)c1ccc(N(C)C)cc1,ketal,*CCC,*CC,*c1ccc(N(C)C)cc1,*CC(C)(C)C,6.178183555603027,0.400911808013916,0.0781835556030277,TRUE,3.1672345115480978,4.804700000000005,run_01
TS0177,177,CCCCCCC(OCCO)(OC(C)C)c1ccc(N(C)C)cc1,ketal,*CCO,*C(C)C,*c1ccc(N(C)C)cc1,*CCCCCC,6.177803993225098,0.5093497633934021,0.07780399322509801,TRUE,3.1752281826016846,4.309700000000004,run_01
TS0178,178,CCCCCCCCCCC(OCO)(OCCO)c1c(OC)cc(OC)cc1OC,ketal,*CCO,*CO,*c1c(OC)cc(OC)cc1OC,*CCCCCCCCCC,6.1773681640625,0.8836585879325867,0.07736816406250036,TRUE,3.3850847959652413,4.371300000000003,run_02
TS0179,179,CCCOC(CC(C)(C)C)(OC)c1ccc(N(C)C)cc1,ketal,*CCC,*C,*c1ccc(N(C)C)cc1,*CC(C)(C)C,6.1759233474731445,0.4106122255325317,0.07592334747314489,TRUE,3.1294090539888906,4.4146000000000045,run_01
TS0180,180,CCCCCCC(OC)(OCCOCC)c1ccc(N(C)C)cc1,ketal,*CCOCC,*C,*c1ccc(N(C)C)cc1,*CCCCCC,6.173588752746582,0.5642119646072388,0.07358875274658239,TRUE,3.0341372526361265,4.575300000000004,run_01
TS0181,181,CCOC(CC(C)(C)C)(OCC)c1ccc(N(C)C)cc1,ketal,*CC,*CC,*c1ccc(N(C)C)cc1,*CC(C)(C)C,6.173516273498535,0.3886876702308655,0.07351627349853551,TRUE,2.712714499553048,4.4146000000000045,run_01
TS0182,182,CCCCCCC(OCCC)(OCCN)c1ccc(N(C)C)cc1,ketal,*CCN,*CCC,*c1ccc(N(C)C)cc1,*CCCCCC,6.171087741851807,0.519712507724762,0.071087741851807,TRUE,3.1702924765167246,4.277700000000003,run_05
TS0183,183,CCCCCCCCCCC(OCCC)(OCCCCO)OCNC,orthoester,*CCCCO,*CNC,*OCCC,*CCCCCCCCCC,6.170716285705566,0.7517663836479187,0.07071628570556676,TRUE,3.407886268092751,4.580200000000003,run_02
TS0184,184,CCCCCCC(OCC)(OCCCCO)c1ccc(N(C)C)cc1,ketal,*CCCCO,*CC,*c1ccc(N(C)C)cc1,*CCCCCC,6.168946266174316,0.5982357263565063,0.06894626617431676,TRUE,3.077407493909188,4.701400000000005,run_01
TS0185,185,CCCCCCCCCCC(OCC)(OCCN)OC(C)(C)C,orthoester,*C(C)(C)C,*CCN,*OCC,*CCCCCCCCCC,6.168471336364746,0.7123897671699524,0.06847133636474645,TRUE,3.2947659208162694,4.997900000000004,run_02
TS0186,186,CCCCCCC(OCCOCCN)(Oc1ccccc1)c1ccc(N(C)C)cc1,ketal,*CCOCCN,*c1ccccc1,*c1ccc(N(C)C)cc1,*CCCCCC,6.16496467590332,0.6674633622169495,0.06496467590332067,TRUE,3.063114491850752,4.946700000000004,run_06
TS0187,187,CCCCCCCCCCC(OCCO)(OCCCO)c1c(OC)cc(OC)cc1OC,ketal,*CCCO,*CCO,*c1c(OC)cc(OC)cc1OC,*CCCCCCCCCC,6.164680480957031,0.885796070098877,0.0646804809570316,TRUE,3.333098659469141,4.803900000000004,run_01
TS0188,188,C=CCCCOC(CCCCCCCCCC)(OC)OCCNC(C)=O,orthoester,*CCNC(C)=O,*CCCC=C,*OC,*CCCCCCCCCC,6.16181755065918,0.6613134145736694,0.06181755065918004,TRUE,3.2943905161259064,4.952900000000004,run_01
TS0189,189,CCCCCCC(OCC)(OCCOC)c1ccc(N(C)C)cc1,ketal,*CCOC,*CC,*c1ccc(N(C)C)cc1,*CCCCCC,6.161789894104004,0.5421580672264099,0.06178989410400426,TRUE,3.0463218680207422,4.575300000000004,run_01
TS0190,190,CCCCCCCCCCC(OCC)(OCO)OC(C)C,orthoester,*C(C)C,*CO,*OCC,*CCCCCCCCCC,6.159680366516113,0.5947970151901245,0.059680366516113637,TRUE,3.3576374075319,4.598900000000004,run_01
TS0191,191,CCCCCCCCCCC(OCC)(OCN)OC(C)C,orthoester,*C(C)C,*CN,*OCC,*CCCCCCCCCC,6.15919828414917,0.5858174562454224,0.05919828414917028,TRUE,3.375589662173809,4.565300000000003,run_01
TS0192,192,CCCCCCCCCCC(OCCC)(OCCCO)OCOC,orthoester,*CCCO,*COC,*OCCC,*CCCCCCCCCC,6.1571149826049805,0.5397986173629761,0.057114982604980824,TRUE,3.287712571741955,4.617100000000005,run_01
TS0193,193,CCCCCCC(OCCC)(OCCCN)c1ccc(N(C)C)cc1,ketal,*CCCN,*CCC,*c1ccc(N(C)C)cc1,*CCCCCC,6.156881332397461,0.5529527068138123,0.05688133239746129,TRUE,3.1535277136894084,4.667800000000004,run_01
TS0194,194,CCCCCCC(OCC)(OCCCN)c1ccc(N(C)C)cc1,ketal,*CCCN,*CC,*c1ccc(N(C)C)cc1,*CCCCCC,6.156469345092773,0.5525490641593933,0.05646934509277379,TRUE,3.111900972498355,4.277700000000003,run_01
TS0195,195,CCCCCCCCCCC(OC)(OC)OCCNC(C)=O,orthoester,*CCNC(C)=O,*C,*OC,*CCCCCCCCCC,6.15505838394165,0.650353193283081,0.055058383941650746,TRUE,2.657190696404916,3.616500000000002,run_05
TS0196,196,CCCCCCC(OCC)(OCCN)c1ccc(N(C)C)cc1,ketal,*CCN,*CC,*c1ccc(N(C)C)cc1,*CCCCCC,6.153661727905273,0.5225863456726074,0.05366172790527379,TRUE,3.130547170816269,3.8876000000000026,run_01
TS0197,197,CCCCCCCCCCC(OCCC)(OCCOCCN)OC(=O)CC,orthoester,*CCOCCN,*C(=O)CC,*OCCC,*CCCCCCCCCC,6.153347969055176,0.6833343505859375,0.053347969055176137,TRUE,3.338355146117704,4.542700000000003,run_01
TS0198,198,CCCCCCC(OCC)(OCF)c1ccc(N(C)C)cc1,ketal,*CF,*CC,*c1ccc(N(C)C)cc1,*CCCCCC,6.148791313171387,0.4018066227436065,0.048791313171387074,TRUE,3.1857217622801377,4.8559000000000045,run_01
TS0199,199,CCCCCCC(OCCC)(OCCOCCN)c1ccc(N(C)C)cc1,ketal,*CCOCCN,*CCC,*c1ccc(N(C)C)cc1,*CCCCCC,6.142979621887207,0.6137092709541321,0.042979621887207387,TRUE,3.2269081825549515,4.294300000000003,run_02
TS0200,200,CCCCCCCCCCC(OCCO)(OCCO)c1c(OC)cc(OC)cc1OC,ketal,*CCO,*CCO,*c1c(OC)cc(OC)cc1OC,*CCCCCCCCCC,6.141294479370117,0.8662238121032715,0.04129447937011754,TRUE,2.910200785830515,4.413800000000004,run_01
TS0201,201,COC(OC)(c1ccc(N(C)C)cc1)C(C)(C)C,ketal,*C,*C,*c1ccc(N(C)C)cc1,*C(C)(C)C,6.139040946960449,0.2046051919460296,0.039040946960449574,TRUE,2.696966653487824,3.2443000000000017,run_01
TS0202,202,CCCCCCCCCCC(OCCC)(OCCCN)OCNC,orthoester,*CCCN,*CNC,*OCCC,*CCCCCCCCCC,6.138795375823975,0.7314563393592834,0.038795375823974965,TRUE,3.456020716538336,4.156500000000002,run_01
TS0203,203,CCCCCCCCCCC(OCC)(OCCCCO)OC(=O)CC,orthoester,*CCCCO,*C(=O)CC,*OCC,*CCCCCCCCCC,6.137945652008057,0.6799759268760681,0.037945652008056996,TRUE,3.207846175227869,4.949800000000006,run_02
TS0204,204,CCCCCCCCCCC(OCCC)(OCCCO)ONCC,orthoester,*CCCO,*NCC,*OCCC,*CCCCCCCCCC,6.13677453994751,0.685623288154602,0.03677453994751012,TRUE,3.447197865859602,4.537700000000004,run_05
TS0205,205,CCCCCCCCCCC(OC)(OCCNC(C)=O)OC(C)C,orthoester,*CCNC(C)=O,*C(C)C,*OC,*CCCCCCCCCC,6.136305809020996,0.5635659694671631,0.03630580902099645,TRUE,3.1746995112730128,4.395100000000003,run_01
TS0206,206,CCCOC(OCC)(c1ccc(N(C)C)cc1)C(CC)CC,ketal,*CCC,*CC,*c1ccc(N(C)C)cc1,*C(CC)CC,6.1352715492248535,0.4089658558368683,0.03527154922485387,TRUE,3.313636428106115,4.804700000000005,run_02
TS0207,207,CCCCCCCCCCC(OCC)(OCCCCCCO)OCNC,orthoester,*CCCCCCO,*CNC,*OCC,*CCCCCCCCCC,6.135239601135254,0.7896562218666077,0.03523960113525426,TRUE,3.3569117703622293,4.970300000000005,run_06
TS0208,208,CCCCCCCCCCC(OCC)(OCCCN)OC(=O)CC,orthoester,*CCCN,*C(=O)CC,*OCC,*CCCCCCCCCC,6.13241720199585,0.6524561643600464,0.032417201995849965,TRUE,3.2481801917865294,4.526100000000003,run_03
TS0209,209,CCCCCCCCCCC(OCCC)(OCCNC(C)=O)OC(=O)CC,orthoester,*CCNC(C)=O,*C(=O)CC,*OCCC,*CCCCCCCCCC,6.128018379211426,0.6578257083892822,0.028018379211426137,TRUE,3.2432438019881493,4.703500000000004,run_06
TS0210,210,CCOC(OC)(c1ccc(N(C)C)cc1)C(C)(C)C,ketal,*CC,*C,*c1ccc(N(C)C)cc1,*C(C)(C)C,6.125640869140625,0.2769995033740997,0.025640869140625355,TRUE,3.1714052452131067,3.634400000000003,run_03
TS0211,211,CCCCCCCCCCC(OCCCN)(OCOC)OC(C)C,orthoester,*CCCN,*COC,*OC(C)C,*CCCCCCCCCC,6.125519752502441,0.5338770747184753,0.02551975250244176,TRUE,3.3664284122228096,4.581900000000004,run_01
TS0212,212,CCCCCCC(OCC)(OCCOCCN)c1ccc(N(C)C)cc1,ketal,*CCOCCN,*CC,*c1ccc(N(C)C)cc1,*CCCCCC,6.124754428863525,0.6332922577857971,0.024754428863525746,TRUE,3.186303266389343,3.904200000000002,run_01
TS0213,213,CCCCCCC(OCCNC(C)=O)(OC(C)(C)C)c1ccc(N(C)C)cc1,ketal,*CCNC(C)=O,*C(C)(C)C,*c1ccc(N(C)C)cc1,*CCCCCC,6.124411582946777,0.5807241201400757,0.0244115829467777,TRUE,3.1909211418978103,4.843600000000005,run_02
TS0214,214,C=CCCCOC(CCCCCC)(OCCOCCN)c1ccc(N(C)C)cc1,ketal,*CCOCCN,*CCCC=C,*c1ccc(N(C)C)cc1,*CCCCCC,6.124067306518555,0.6285796165466309,0.024067306518555043,TRUE,3.370447542159159,4.850500000000004,run_01
TS0215,215,CCCCCCCCCCC(OCCC)(OCCOC)OCOC,orthoester,*CCOC,*COC,*OCCC,*CCCCCCCCCC,6.1199445724487305,0.5193320512771606,0.019944572448730824,TRUE,3.249588816085847,4.881100000000004,run_06
TS0216,216,C=CC(=O)NCCOCCOC(CCCCCC)(OC(C)C)c1ccc(N(C)C)cc1,ketal,*CCOCCNC(=O)C=C,*C(C)C,*c1ccc(N(C)C)cc1,*CCCCCC,6.116110324859619,0.6547788381576538,0.016110324859619496,TRUE,3.3787173290834733,4.636200000000004,run_02
TS0217,217,CCCCCCCCCCC(OCC)(OCCOCCN)OSCC,orthoester,*CCOCCN,*SCC,*OCC,*CCCCCCCCCC,6.11124324798584,0.6646190285682678,0.011243247985840199,TRUE,3.5553848596420465,4.884100000000004,run_06
TS0218,218,CCCCCCC(OC)(OCO)c1ccc(N(C)C)cc1,ketal,*CO,*C,*c1ccc(N(C)C)cc1,*CCCCCC,6.110794544219971,0.4634121656417846,0.010794544219971058,TRUE,3.1469896621738087,3.4886000000000026,run_05
TS0219,219,CCCCCCCCCCC(OCCCCO)(ONCC)OC(C)C,orthoester,*CCCCO,*NCC,*OC(C)C,*CCCCCCCCCC,6.1107282638549805,0.6909005641937256,0.010728263854980824,TRUE,3.4586771642388587,4.926200000000004,run_03
TS0220,220,CCCCCCCCCCC(OC)(OCCO)OCC(C)(C)C,orthoester,*CC(C)(C)C,*CCO,*OC,*CCCCCCCCCC,6.109708309173584,0.761737048625946,0.00970830917358434,TRUE,3.3351131735635224,4.889000000000005,run_01
TS0221,221,CCCCCCCCCCC(OC)(OCN)OCC(C)(C)C,orthoester,*CC(C)(C)C,*CN,*OC,*CCCCCCCCCC,6.107152462005615,0.7407215237617493,0.00715246200561559,TRUE,3.467644889644577,4.812900000000004,run_01
TS0222,222,CCCCCCCCCCC(OC)(OCO)OCC(C)(C)C,orthoester,*CC(C)(C)C,*CO,*OC,*CCCCCCCCCC,6.105604648590088,0.7601120471954346,0.005604648590088246,TRUE,3.450291043490731,4.846500000000004,run_01
TS0223,223,CCOC(OC(C)(C)C)(c1ccc(N(C)C)cc1)C(C)(C)C,ketal,*C(C)(C)C,*CC,*c1ccc(N(C)C)cc1,*C(C)(C)C,6.104946613311768,0.3328297734260559,0.004946613311767933,TRUE,3.280771367377371,4.803100000000005,run_02
TS0224,224,CCCCCCC(OCC)(OCCCO)c1ccc(N(C)C)cc1,ketal,*CCCO,*CC,*c1ccc(N(C)C)cc1,*CCCCCC,6.104353427886963,0.5456777811050415,0.004353427886963246,TRUE,3.0850146349553,4.311300000000004,run_03
TS0225,225,CCCCCCCCCCC(OCCCO)(OC(=O)CC)OC(C)C,orthoester,*CCCO,*C(=O)CC,*OC(C)C,*CCCCCCCCCC,6.104083061218262,0.5622034072875977,0.004083061218262074,TRUE,3.2806024676311187,4.948200000000005,run_01
