Candidate_ID,Rank,SMILES,Molecule_class,R1_SMILES,R2_SMILES,R3_SMILES,R4_SMILES,Predicted_log_kH,Prediction_uncertainty,SA_score,logP,Discovery_stage
HTS000001,1,CCCCCCCCCCC(OC)(OCC)OCC,orthoester,CC*,C(C)*,O(C)*,CCCCCCCCCC*,7.0816513,0.7010720754604249,2.632814110433081,4.890400000000005,HTS
HTS000002,2,CCCCCCCCCCC(OC)(OC)OC,orthoester,C*,C*,CO*,CCCCCCCCCC*,7.04938398,0.5598221584065798,2.521444323248085,4.110200000000003,HTS
HTS000003,3,CCCCCCCCCCC(OC)(OC)OCC,orthoester,C(C)*,C*,CO*,CCCCCCCCCC*,7.031499939999999,0.6732858089428636,2.59734557983807,4.500300000000004,HTS
HTS000004,4,CCCCCCCCCCC(OC)(OC)OCCC,orthoester,CCC*,C*,CO*,CCCCCCCCCC*,6.98719258,0.7179461438869337,2.624396693887362,4.890400000000005,HTS
TS0001,5,CCCCCCCCCCC(OC)(OCN)c1c(OC)cc(OC)cc1OC,ketal,*CN,*C,*c1c(OC)cc(OC)cc1OC,*CCCCCCCCCC,6.9610595703125,0.8536621928215027,3.2708715623275832,4.975200000000004,Targeted_search
HTS000005,6,CCCCCCCCCCC(OC)(OC)OC(C)C,orthoester,CC(C)*,C*,CO*,CCCCCCCCCC*,6.950800119999999,0.6199745504084323,2.665910186128068,4.888800000000004,HTS
TS0002,7,CCCCCCCCCCC(OCCC)(OCCC)OCCN,orthoester,*CCN,*CCC,*OCCC,*CCCCCCCCCC,6.784409999847412,0.5884618759155273,2.8335662818495724,4.999500000000004,Targeted_search
TS0003,8,CCCCCCCCCCC(OCC)(OCC)ONCC,orthoester,*NCC,*CC,*OCC,*CCCCCCCCCC,6.747187614440918,0.619895339012146,2.9584683922705004,4.785100000000004,Targeted_search
TS0004,9,CCCCCCCCCCC(OCCC)(OCCN)OC(C)C,orthoester,*CCN,*C(C)C,*OCCC,*CCCCCCCCCC,6.73374080657959,0.5407156944274902,3.304506786200884,4.997900000000004,Targeted_search
TS0005,10,CCCCCCCCCCC(OCC)(OCCC)OCNC,orthoester,*CNC,*CCC,*OCC,*CCCCCCCCCC,6.710467338562012,0.575287401676178,3.3706132767413504,4.827600000000004,Targeted_search
TS0006,11,CCCCCCCCCCC(OCC)(OCC)OCNC,orthoester,*CNC,*CC,*OCC,*CCCCCCCCCC,6.703004360198975,0.6018412709236145,2.938105158893709,4.437500000000004,Targeted_search
TS0007,12,CCCCCCCCCCC(OCC)(OCC)OCN,orthoester,*CN,*CC,*OCC,*CCCCCCCCCC,6.664312839508057,0.5215654969215393,2.880770465721108,4.176800000000003,Targeted_search
TS0008,13,CCCCCCCCCCC(OCC)(OCCC)OCCCN,orthoester,*CCCN,*CCC,*OCC,*CCCCCCCCCC,6.661957740783691,0.6963818669319153,3.200354086496743,4.999500000000004,Targeted_search
TS0009,14,CCCCCCCCCCC(OCC)(OCC)OCCCN,orthoester,*CCCN,*CC,*OCC,*CCCCCCCCCC,6.646759986877441,0.7257572412490845,2.7572786921743493,4.609400000000004,Targeted_search
TS0010,15,CCCCCCCCCCC(OCC)(OCNC)OC(C)C,orthoester,*CNC,*C(C)C,*OCC,*CCCCCCCCCC,6.624924659729004,0.5060623288154602,3.4298476134781195,4.826000000000004,Targeted_search
TS0011,16,CCCCCCC(OC)(OC(C)C)c1ccc(N(C)C)cc1,ketal,*C(C)C,*C,*c1ccc(N(C)C)cc1,*CCCCCC,6.623726844787598,0.5204719305038452,3.028038735798422,4.947200000000005,Targeted_search
TS0012,17,CCCCCCCCCCC(OCC)(OCCC)OCCN,orthoester,*CCN,*CCC,*OCC,*CCCCCCCCCC,6.622298240661621,0.6040810346603394,3.226532879719019,4.609400000000004,Targeted_search
TS0013,18,CCCCCCCCCCC(OC)(OC)OOCCC,orthoester,*OCCC,*C,*OC,*CCCCCCCCCC,6.621248722076416,0.5544719696044922,2.8332237624244048,4.8220000000000045,Targeted_search
HTS000006,19,CCCCCCCCCCC(OCC)(OCC)OCCOC,orthoester,C(COC)*,CC*,O(CC)*,CCCCCCCCCC*,6.62064152,0.6518957383741987,2.686410950238866,4.9070000000000045,HTS
TS0014,20,CCCCCCCCCCC(OCC)(OCC)OCO,orthoester,*CO,*CC,*OCC,*CCCCCCCCCC,6.620170593261719,0.528924286365509,2.862177059127701,4.210400000000004,Targeted_search
TS0015,21,CCCCCCCCCCC(OCC)(OCC)OCCN,orthoester,*CCN,*CC,*OCC,*CCCCCCCCCC,6.611461639404297,0.6362404823303223,2.7866986399888845,4.219300000000002,Targeted_search
TS0016,22,CCCCCCC(OCC)(OCC)c1ccc(N(C)C)cc1,ketal,*CC,*CC,*c1ccc(N(C)C)cc1,*CCCCCC,6.597790718078613,0.5183624029159546,2.564550847729002,4.948800000000005,Targeted_search
TS0017,23,CCCCCCCCCCC(OCC)(OCCC)OCCO,orthoester,*CCO,*CCC,*OCC,*CCCCCCCCCC,6.597596645355225,0.5858656764030457,3.184395907014304,4.643000000000005,Targeted_search
TS0018,24,CCCCCCCCCCC(OC)(OC)ONCC,orthoester,*NCC,*C,*OC,*CCCCCCCCCC,6.594993591308594,0.5282148122787476,2.917895968197957,4.004900000000003,Targeted_search
TS0019,25,CCCCCCC(OC)(OC)c1ccc(N(C)C)cc1,ketal,*C,*C,*c1ccc(N(C)C)cc1,*CCCCCC,6.594681739807129,0.4610513746738434,2.431469921265564,4.168600000000003,Targeted_search
TS0020,26,CCCCCCCCCCC(OCCOCCN)(ONCC)c1c(OC)cc(OC)cc1OC,ketal,*CCOCCN,*NCC,*c1c(OC)cc(OC)cc1OC,*CCCCCCCCCC,6.594399452209473,1.0083956718444824,3.5436577210346822,4.929000000000003,Targeted_search
TS0021,27,CCCCCCCCCCC(OCC)(OCC)OCOC,orthoester,*COC,*CC,*OCC,*CCCCCCCCCC,6.5924391746521,0.5136311650276184,2.7746548329484657,4.864500000000005,Targeted_search
TS0022,28,CCCCCCCCCCC(OCC)(OCCCN)OC(C)C,orthoester,*CCCN,*C(C)C,*OCC,*CCCCCCCCCC,6.58715295791626,0.6409429907798767,3.253702218893192,4.997900000000004,Targeted_search
TS0023,29,CCCCCCCCCCC(OCCN)(OC(C)C)OC(C)C,orthoester,*CCN,*C(C)C,*OC(C)C,*CCCCCCCCCC,6.584115028381348,0.4853388667106628,2.9243463663804263,4.996300000000004,Targeted_search
TS0024,30,CCCCCCCCCCC(OCC)(OCC)OCCO,orthoester,*CCO,*CC,*OCC,*CCCCCCCCCC,6.582589626312256,0.6087256073951721,2.742419109350031,4.252900000000005,Targeted_search
TS0025,31,CCCCCCCCCCC(OCC)(OCC)OCCCO,orthoester,*CCCO,*CC,*OCC,*CCCCCCCCCC,6.576885223388672,0.6835818290710449,2.728224101603629,4.643000000000005,Targeted_search
TS0026,32,CCCCCCCCCCC(OC)(OCC)ONCC,orthoester,*NCC,*CC,*OC,*CCCCCCCCCC,6.5746941566467285,0.5782581567764282,3.354407327849257,4.395000000000003,Targeted_search
TS0027,33,CCCCCCC(OC)(OCC)c1ccc(N(C)C)cc1,ketal,*CC,*C,*c1ccc(N(C)C)cc1,*CCCCCC,6.56997537612915,0.5038685202598572,2.93424589559556,4.558700000000004,Targeted_search
TS0028,34,CCCCCCCCCCC(OCN)(OCCOCCN)c1c(OC)cc(OC)cc1OC,ketal,*CCOCCN,*CN,*c1c(OC)cc(OC)cc1OC,*CCCCCCCCCC,6.562283992767334,1.0560302734375,3.4880304686747987,4.320700000000002,Targeted_search
TS0029,35,CCCCCCC(OC)(OCCC)c1ccc(N(C)C)cc1,ketal,*CCC,*C,*c1ccc(N(C)C)cc1,*CCCCCC,6.56005334854126,0.5244633555412292,2.9812549274755984,4.948800000000005,Targeted_search
TS0030,36,CCCCCCCCCCC(OCC)(OCCN)OC(C)C,orthoester,*CCN,*C(C)C,*OCC,*CCCCCCCCCC,6.55703592300415,0.5440632104873657,3.283405242734111,4.607800000000004,Targeted_search
TS0031,37,CCCCCCCCCCC(OCCOCCN)(OCNC)c1c(OC)cc(OC)cc1OC,ketal,*CCOCCN,*CNC,*c1c(OC)cc(OC)cc1OC,*CCCCCCCCCC,6.55361270904541,1.004590630531311,3.5437413748808364,4.581400000000003,Targeted_search
TS0032,38,CCCCCCCCCCC(OC)(OCCC)ONCC,orthoester,*NCC,*CCC,*OC,*CCCCCCCCCC,6.5514655113220215,0.5094727277755737,3.36771774741411,4.785100000000004,Targeted_search
TS0033,39,C=CC(=O)NCCOCCOC(CCCCCCCCCC)(OCNC)c1c(OC)cc(OC)cc1OC,ketal,*CCOCCNC(=O)C=C,*CNC,*c1c(OC)cc(OC)cc1OC,*CCCCCCCCCC,6.532073020935059,0.9511094689369202,3.658366140609921,4.924900000000004,Targeted_search
TS0034,40,CCCCCCCCCCC(OC)(OCC)OCCOCC,orthoester,*CCOCC,*CC,*OC,*CCCCCCCCCC,6.524742126464844,0.6863773465156555,3.113128413217778,4.9070000000000045,Targeted_search
TS0035,41,C=CC(=O)NCCOCCOC(CCCCCCCCCC)(OCN)c1c(OC)cc(OC)cc1OC,ketal,*CCOCCNC(=O)C=C,*CN,*c1c(OC)cc(OC)cc1OC,*CCCCCCCCCC,6.5111260414123535,0.9580161571502686,3.604014808438464,4.664200000000003,Targeted_search
TS0036,42,CCCCCCCCCCC(OCC)(OCCO)OC(C)C,orthoester,*CCO,*C(C)C,*OCC,*CCCCCCCCCC,6.506283760070801,0.5172697305679321,3.240577499985056,4.641400000000004,Targeted_search
TS0037,43,CCCCCCCCCCC(OC)(OCC)OCNC,orthoester,*CNC,*CC,*OC,*CCCCCCCCCC,6.5057373046875,0.5665736198425293,3.3545507344426646,4.047400000000002,Targeted_search
TS0038,44,CCCCCCCCCCC(OC)(ONCC)OC(C)C,orthoester,*NCC,*C(C)C,*OC,*CCCCCCCCCC,6.502006530761719,0.4289503395557403,3.4096034552772574,4.783500000000004,Targeted_search
TS0039,45,CCCCCCCCCCC(OCCN)(OCCOCCN)c1c(OC)cc(OC)cc1OC,ketal,*CCOCCN,*CCN,*c1c(OC)cc(OC)cc1OC,*CCCCCCCCCC,6.4932146072387695,1.0334042310714722,3.455032240265453,4.363200000000003,Targeted_search
TS0040,46,CCCCCCCCCCC(OC)(OCCC)OCNC,orthoester,*CNC,*CCC,*OC,*CCCCCCCCCC,6.492045402526856,0.5209877490997314,3.367853862146834,4.437500000000004,Targeted_search
TS0041,47,CCCCCCCCCCC(OC)(OCC)OCN,orthoester,*CN,*CC,*OC,*CCCCCCCCCC,6.48593282699585,0.4793978631496429,3.2974840899155744,3.7867000000000015,Targeted_search
TS0042,48,CCCCCCCCCCC(OCN)(OCCCN)c1c(OC)cc(OC)cc1OC,ketal,*CCCN,*CN,*c1c(OC)cc(OC)cc1OC,*CCCCCCCCCC,6.484341621398926,0.977953851222992,3.419685289110616,4.694200000000004,Targeted_search
TS0043,49,CCCCCCCCCCC(OCCCN)(OCNC)c1c(OC)cc(OC)cc1OC,ketal,*CCCN,*CNC,*c1c(OC)cc(OC)cc1OC,*CCCCCCCCCC,6.473645210266113,0.9665440917015076,3.4767648133152944,4.954900000000004,Targeted_search
TS0044,50,CCCCCCCCCCC(OC)(OCC)OCCCCO,orthoester,*CCCCO,*CC,*OC,*CCCCCCCCCC,6.469257354736328,0.7318966388702393,3.111116254408845,4.643000000000005,Targeted_search
TS0045,51,C=CC(=O)NCCOCCOC(CCCCCCCCCC)(OCCN)c1c(OC)cc(OC)cc1OC,ketal,*CCOCCNC(=O)C=C,*CCN,*c1c(OC)cc(OC)cc1OC,*CCCCCCCCCC,6.462785243988037,0.9559229016304016,3.57877663665593,4.706700000000002,Targeted_search
TS0046,52,CCCCCCCCCCC(OC)(OCC)OCCCN,orthoester,*CCCN,*CC,*OC,*CCCCCCCCCC,6.459267616271973,0.6766405701637268,3.161337304128581,4.219300000000002,Targeted_search
TS0047,53,CCCCCCCCCCC(OC)(OCCC)OCCCN,orthoester,*CCCN,*CCC,*OC,*CCCCCCCCCC,6.452615261077881,0.6252492666244507,3.186401366071377,4.609400000000004,Targeted_search
TS0048,54,CCCCCCCCCCC(OCC)(OCC)OCCNC(C)=O,orthoester,*CCNC(C)=O,*CC,*OCC,*CCCCCCCCCC,6.450662136077881,0.7392618656158447,2.7144045605916265,4.396700000000004,Targeted_search
TS0049,55,CCCCCCCCCCC(OC)(OCC)OCCN,orthoester,*CCN,*CC,*OC,*CCCCCCCCCC,6.450389862060547,0.599210798740387,3.195033152025082,3.829200000000002,Targeted_search
TS0050,56,CCCCCCCCCCC(OCC)(OCCC)OCCNC(C)=O,orthoester,*CCNC(C)=O,*CCC,*OCC,*CCCCCCCCCC,6.44205379486084,0.697970986366272,3.1625751862168787,4.786800000000004,Targeted_search
TS0051,57,CCCCCCCCCCC(OC)(OC)OCCOCC,orthoester,*CCOCC,*C,*OC,*CCCCCCCCCC,6.437307834625244,0.650602400302887,2.6599664365990545,4.516900000000004,Targeted_search
TS0052,58,CCCCCCCCCCC(OC)(OCCCN)OC(C)(C)C,orthoester,*CCCN,*C(C)(C)C,*OC,*CCCCCCCCCC,6.434309959411621,0.6142608523368835,3.2360736131239616,4.997900000000004,Targeted_search
TS0053,59,CCCCCCCCCCC(OC)(OCCC)OCCN,orthoester,*CCN,*CCC,*OC,*CCCCCCCCCC,6.429617404937744,0.5412102937698364,3.216447343242012,4.219300000000002,Targeted_search
TS0054,60,CCCCCCCCCCC(OC)(OC)OCNC,orthoester,*CNC,*C,*OC,*CCCCCCCCCC,6.420825958251953,0.5218652486801147,2.918047492145707,3.657300000000002,Targeted_search
TS0055,61,CCCCCCCCCCC(OC)(OCC)OCO,orthoester,*CO,*CC,*OC,*CCCCCCCCCC,6.41726541519165,0.4884070456027984,3.2778382263451835,3.820300000000002,Targeted_search
HTS000007,62,CCCCCCCCCCC(OCC)(OCCC)OCCOCCN,orthoester,C(COCCN)*,C(CC)*,CCO*,CCCCCCCCCC*,6.41203932,0.7159706170002046,3.2646819343982765,4.626000000000003,HTS
TS0056,63,CCCCCCCCCCC(OC)(OC)OCN,orthoester,*CN,*C,*OC,*CCCCCCCCCC,6.408234596252441,0.4398998320102691,2.860076349068839,3.396600000000001,Targeted_search
TS0057,64,CCCCCCC(OCNC)(OC(C)C)c1ccc(N(C)C)cc1,ketal,*CNC,*C(C)C,*c1ccc(N(C)C)cc1,*CCCCCC,6.4056267738342285,0.5112364292144775,3.3438428679163694,4.494300000000004,Targeted_search
TS0058,65,CCCCCCCCCCC(OCO)(OCCOCCN)c1c(OC)cc(OC)cc1OC,ketal,*CCOCCN,*CO,*c1c(OC)cc(OC)cc1OC,*CCCCCCCCCC,6.405354499816895,1.0071873664855957,3.4768344388981234,4.354300000000003,Targeted_search
TS0059,66,CCCCCCCCCCC(OC)(OCNC)OC(C)C,orthoester,*CNC,*C(C)C,*OC,*CCCCCCCCCC,6.404898166656494,0.4313305616378784,3.409741916815719,4.435900000000004,Targeted_search
HTS000008,67,CCCCCCCCCCC(OC)(OCCOCCN)Oc1ccccc1,orthoester,C(COCCN)*,c1(*)ccccc1,CO*,CCCCCCCCCC*,6.40286052,0.7787504942863445,3.032362760568031,4.888300000000004,HTS
HTS000009,68,CCCCCCCCCCC(OC)(OCC)OCCOC,orthoester,C(COC)*,C(C)*,CO*,CCCCCCCCCC*,6.40276028,0.5948856117900932,3.086866117687902,4.516900000000004,HTS
TS0060,69,CCCCCCCCCCC(OC)(OCCC)OCCCO,orthoester,*CCCO,*CCC,*OC,*CCCCCCCCCC,6.400933265686035,0.598189651966095,3.157346775500656,4.643000000000005,Targeted_search
TS0061,70,CCCCCCCCCCC(OC)(OCC)OCCO,orthoester,*CCO,*CC,*OC,*CCCCCCCCCC,6.396649360656738,0.5805672407150269,3.148381503673434,3.862800000000003,Targeted_search
HTS000010,71,CCCCCCCCCCC(OCC)(OCC)OCCOCCN,orthoester,C(COCCN)*,CC*,O(CC)*,CCCCCCCCCC*,6.39553378,0.7795846912618754,2.8210454736732764,4.235900000000003,HTS
TS0062,72,CCCCCCCCCCC(OCN)(OCCNC(C)=O)c1c(OC)cc(OC)cc1OC,ketal,*CCNC(C)=O,*CN,*c1c(OC)cc(OC)cc1OC,*CCCCCCCCCC,6.389012336730957,0.9284939169883728,3.4101136815348703,4.481500000000003,Targeted_search
TS0063,73,CCCCCCCCCCC(OCCO)(ONCC)c1c(OC)cc(OC)cc1OC,ketal,*CCO,*NCC,*c1c(OC)cc(OC)cc1OC,*CCCCCCCCCC,6.388708591461182,0.9158886671066284,3.454833830224673,4.946000000000004,Targeted_search
TS0064,74,CCCCCCCCCCC(OC)(OCCC)OCCO,orthoester,*CCO,*CCC,*OC,*CCCCCCCCCC,6.388556480407715,0.5291467905044556,3.172167812603158,4.252900000000004,Targeted_search
TS0065,75,CCCCCCCCCCC(OCCNC(C)=O)(OCNC)c1c(OC)cc(OC)cc1OC,ketal,*CCNC(C)=O,*CNC,*c1c(OC)cc(OC)cc1OC,*CCCCCCCCCC,6.385810852050781,0.9169389605522156,3.4685392240711206,4.742200000000004,Targeted_search
TS0066,76,CCCCCCCCCCC(OC)(OCC)OCCCO,orthoester,*CCCO,*CC,*OC,*CCCCCCCCCC,6.384671211242676,0.6361837387084961,3.130805361494944,4.252900000000004,Targeted_search
HTS000011,77,CCCCCCCCCCC(OC)(OCCC)OCCOC,orthoester,COCC*,CCC*,CO*,CCCCCCCCCC*,6.3843386,0.53308967556653,3.1155336241358915,4.9070000000000045,HTS
TS0067,78,CCCCCCCCCCC(OC)(OCC)OCOC,orthoester,*COC,*CC,*OC,*CCCCCCCCCC,6.382769584655762,0.4556605517864227,3.182344141036072,4.474400000000004,Targeted_search
TS0068,79,CCCCCCCCCCC(OC)(OCC)OCF,orthoester,*CF,*CC,*OC,*CCCCCCCCCC,6.381204128265381,0.4666697680950165,3.280231259726896,4.797500000000005,Targeted_search
TS0069,80,CCCCCCCCCCC(OC)(OCCC)OCOC,orthoester,*COC,*CCC,*OC,*CCCCCCCCCC,6.377829074859619,0.3856275081634521,3.2044035362015943,4.864500000000005,Targeted_search
TS0070,81,C=CC(=O)NCCOCCOC(CCCCCCCCCC)(OCO)c1c(OC)cc(OC)cc1OC,ketal,*CCOCCNC(=O)C=C,*CO,*c1c(OC)cc(OC)cc1OC,*CCCCCCCCCC,6.3766045570373535,0.8958675265312195,3.594002974118937,4.697800000000004,Targeted_search
TS0071,82,CCCCCCCCCCC(OCCO)(OCCOCCN)c1c(OC)cc(OC)cc1OC,ketal,*CCOCCN,*CCO,*c1c(OC)cc(OC)cc1OC,*CCCCCCCCCC,6.373459815979004,0.9822465777397156,3.4278187787269907,4.396800000000003,Targeted_search
TS0072,83,C=CC(=O)NCCOCCOC(CCCCCCCCCC)(OCCO)c1c(OC)cc(OC)cc1OC,ketal,*CCOCCNC(=O)C=C,*CCO,*c1c(OC)cc(OC)cc1OC,*CCCCCCCCCC,6.37103271484375,0.905349612236023,3.554360820696189,4.740300000000004,Targeted_search
TS0073,84,CCCCCCCCCCC(OCCN)(OCCCN)c1c(OC)cc(OC)cc1OC,ketal,*CCCN,*CCN,*c1c(OC)cc(OC)cc1OC,*CCCCCCCCCC,6.370261192321777,0.9782400131225586,3.382141736392218,4.736700000000004,Targeted_search
TS0074,85,CCCCCCCCCCC(OCCCO)(OCNC)c1c(OC)cc(OC)cc1OC,ketal,*CCCO,*CNC,*c1c(OC)cc(OC)cc1OC,*CCCCCCCCCC,6.367419719696045,0.9315512776374816,3.4567494286999096,4.988500000000005,Targeted_search
TS0075,86,CCCCCCCCCCC(OC)(OC)OCCCCO,orthoester,*CCCCO,*C,*OC,*CCCCCCCCCC,6.367049217224121,0.6918743252754211,2.6578519646303445,4.252900000000004,Targeted_search
TS0076,87,CCCCCCC(OCCC)(ONCC)c1ccc(N(C)C)cc1,ketal,*NCC,*CCC,*c1ccc(N(C)C)cc1,*CCCCCC,6.364571571350098,0.5118283033370972,3.297278240006966,4.843500000000004,Targeted_search
TS0077,88,CCCCCCCCCCC(OCC)(OCCNC(C)=O)OC(C)C,orthoester,*CCNC(C)=O,*C(C)C,*OCC,*CCCCCCCCCC,6.3634233474731445,0.6449191570281982,3.210663337196336,4.785200000000004,Targeted_search
TS0078,89,CCCCCCCCCCC(OCN)(OCCNC(=O)OC)c1c(OC)cc(OC)cc1OC,ketal,*CCNC(=O)OC,*CN,*c1c(OC)cc(OC)cc1OC,*CCCCCCCCCC,6.362093925476074,0.9023801684379578,3.443091450791768,4.701400000000004,Targeted_search
TS0079,90,CCCCCCCCCCC(OC)(OCCCN)OC(C)C,orthoester,*CCCN,*C(C)C,*OC,*CCCCCCCCCC,6.361435413360596,0.5570927858352661,3.222788597084678,4.607800000000004,Targeted_search
TS0080,91,CCCCCCC(ONCC)(OC(C)C)c1ccc(N(C)C)cc1,ketal,*NCC,*C(C)C,*c1ccc(N(C)C)cc1,*CCCCCC,6.360777854919434,0.5077592730522156,3.3437211895946906,4.841900000000004,Targeted_search
TS0081,92,CCCCCCCCCCC(OC)(OC)OCCN,orthoester,*CCN,*C,*OC,*CCCCCCCCCC,6.356514930725098,0.5502638220787048,2.7495006126101487,3.4391000000000016,Targeted_search
TS0082,93,CCCCCCCCCCC(OCCNC(=O)OC)(OCNC)c1c(OC)cc(OC)cc1OC,ketal,*CCNC(=O)OC,*CNC,*c1c(OC)cc(OC)cc1OC,*CCCCCCCCCC,6.355965614318848,0.8642187714576721,3.5008601478374146,4.962100000000004,Targeted_search
TS0083,94,CCCCCCCCCCC(OCN)(OCCCO)c1c(OC)cc(OC)cc1OC,ketal,*CCCO,*CN,*c1c(OC)cc(OC)cc1OC,*CCCCCCCCCC,6.355556488037109,0.9334651231765748,3.398979718818839,4.727800000000004,Targeted_search
TS0084,95,CCCCCCCCCCC(OC)(OC)OCCCN,orthoester,*CCCN,*C,*OC,*CCCCCCCCCC,6.355049133300781,0.625941276550293,2.7121935426441848,3.829200000000002,Targeted_search
TS0085,96,C=CC(=O)NCCOC(CCCCCCCCCC)(OCNC)c1c(OC)cc(OC)cc1OC,ketal,*CCNC(=O)C=C,*CNC,*c1c(OC)cc(OC)cc1OC,*CCCCCCCCCC,6.3541340827941895,0.9246720671653748,3.5877405246035057,4.908300000000004,Targeted_search
TS0086,97,CCCCCCC(OCCOCCN)(OCC(C)(C)C)c1ccc(N(C)C)cc1,ketal,*CCOCCN,*CC(C)(C)C,*c1ccc(N(C)C)cc1,*CCCCCC,6.351143836975098,0.6201876401901245,3.3716018385944304,4.930400000000004,Targeted_search
HTS000012,98,CCCCCCCCCCC(OCC)(OCCOCCN)OC(C)C,orthoester,C(COCCN)*,C(C)(C)*,CCO*,CCCCCCCCCC*,6.34905514,0.6664196533148391,3.313541779623474,4.624400000000003,HTS
TS0087,99,CCCCCC(OCC)(OC(C)C)c1ccc(N(C)C)cc1,ketal,*C(C)C,*CC,*c1ccc(N(C)C)cc1,*CCCCC,6.346798419952393,0.402514785528183,3.0838571973368847,4.947200000000005,Targeted_search
TS0088,100,C=CC(=O)NCCOC(CCCCCCCCCC)(OCN)c1c(OC)cc(OC)cc1OC,ketal,*CCNC(=O)C=C,*CN,*c1c(OC)cc(OC)cc1OC,*CCCCCCCCCC,6.345463275909424,0.9395257830619812,3.532715418403104,4.647600000000003,Targeted_search
TS0089,101,CCCCCCCCCCC(OC)(OCCN)OC(C)C,orthoester,*CCN,*C(C)C,*OC,*CCCCCCCCCC,6.343781471252441,0.4652629792690277,3.255724940688397,4.217700000000002,Targeted_search
TS0090,102,CCCCCCCCCCC(OC)(OCC)OC(=O)CC,orthoester,*C(=O)CC,*CC,*OC,*CCCCCCCCCC,6.343219757080078,0.5562461614608765,3.10687639957434,4.807100000000005,Targeted_search
TS0091,103,CCCCCCCCCCC(OCCO)(OCNC)c1c(OC)cc(OC)cc1OC,ketal,*CCO,*CNC,*c1c(OC)cc(OC)cc1OC,*CCCCCCCCCC,6.338127136230469,0.8993167877197266,3.4549261379169813,4.598400000000003,Targeted_search
TS0092,104,CCCCCCCCCCC(OCN)(OCCO)c1c(OC)cc(OC)cc1OC,ketal,*CCO,*CN,*c1c(OC)cc(OC)cc1OC,*CCCCCCCCCC,6.3353657722473145,0.9207189083099364,3.3974804003608448,4.3377000000000026,Targeted_search
TS0093,105,CCCCCCC(OCC)(OCN)c1ccc(N(C)C)cc1,ketal,*CN,*CC,*c1ccc(N(C)C)cc1,*CCCCCC,6.333967685699463,0.5083973407745361,3.2007119262145647,3.845100000000002,Targeted_search
HTS000013,106,CCCCCCCCCCC(OC)(OCC)OCCF,orthoester,FCC*,C(C)*,CO*,CCCCCCCCCC*,6.33385258,0.53100437803894,3.3003603498272787,4.840000000000004,HTS
TS0094,107,CCCCCCC(OCC)(ONCC)c1ccc(N(C)C)cc1,ketal,*NCC,*CC,*c1ccc(N(C)C)cc1,*CCCCCC,6.333682060241699,0.5129083395004272,3.2634853919701143,4.453400000000004,Targeted_search
TS0095,108,CCCCCCC(OCCC)(OCNC)c1ccc(N(C)C)cc1,ketal,*CNC,*CCC,*c1ccc(N(C)C)cc1,*CCCCCC,6.332957744598389,0.5151628851890564,3.29739810223429,4.495900000000003,Targeted_search
HTS000014,109,CCCCCCCCCCC(OC)(OCCOCCN)OCC(C)(C)C,orthoester,C(COCCN)*,CC(C)(C)C*,CO*,CCCCCCCCCC*,6.331119080000001,0.7040633527464485,3.401134483459943,4.872000000000003,HTS
TS0096,110,CCOC(OC(C)C)(c1ccc(N(C)C)cc1)C1CCCCC1,ketal,*C(C)C,*CC,*c1ccc(N(C)C)cc1,*C1CCCCC1,6.330740928649902,0.4146345555782318,3.226780103508576,4.947200000000005,Targeted_search
TS0097,111,CCCCCCCCCCC(OC)(OC)OC(=O)CC,orthoester,*C(=O)CC,*C,*OC,*CCCCCCCCCC,6.328012943267822,0.5377092957496643,2.654685026160669,4.417000000000003,Targeted_search
TS0098,112,CCCCCCCCCCC(OC)(OC)OCO,orthoester,*CO,*C,*OC,*CCCCCCCCCC,6.324872016906738,0.4480673372745514,2.839251733684224,3.4302000000000024,Targeted_search
TS0099,113,CCCCCCCCCCC(OCO)(OCCCN)c1c(OC)cc(OC)cc1OC,ketal,*CCCN,*CO,*c1c(OC)cc(OC)cc1OC,*CCCCCCCCCC,6.322604179382324,0.950693428516388,3.4077171193493427,4.727800000000004,Targeted_search
TS0100,114,COC(OC(C)C)(c1ccc(N(C)C)cc1)C1CCCCC1,ketal,*C(C)C,*C,*c1ccc(N(C)C)cc1,*C1CCCCC1,6.314818382263184,0.417498230934143,3.178712430628183,4.557100000000005,Targeted_search
HTS000015,115,C=CC(=O)NCCOC(CCCCCCCCCC)(OCC)OCC,orthoester,C(CNC(=O)C=C)*,CC*,O(CC)*,CCCCCCCCCC*,6.312931660000001,0.7591874822103949,2.867531455956863,4.562800000000004,HTS
TS0101,116,COC(OC)(c1ccc(N(C)C)cc1)C1CCCCC1,ketal,*C,*C,*c1ccc(N(C)C)cc1,*C1CCCCC1,6.30745792388916,0.3392141461372375,2.661825685501327,3.778500000000003,Targeted_search
TS0102,117,CCCCCCCCCCC(OCCC)(OCCCN)OC(=O)CC,orthoester,*CCCN,*C(=O)CC,*OCCC,*CCCCCCCCCC,6.305870532989502,0.6594702005386353,3.2745272741289684,4.916200000000004,Targeted_search
HTS000016,118,C=CC(=O)NCCOCCOC(CCCCCCCCCC)(OCC)OCCC,orthoester,C=CC(=O)NCCOCC*,C(CC)*,CCO*,CCCCCCCCCC*,6.30497954,0.7899557200235935,3.367416585311129,4.9695000000000045,HTS
HTS000017,119,CCCCCCCCCCC(OC)(OC)OCCOC,orthoester,C(COC)*,C*,CO*,CCCCCCCCCC*,6.304754000000001,0.5535981948406226,2.63373282835847,4.126800000000003,HTS
HTS000018,120,C=CC(=O)NCCOC(CCCCCCCCCC)(OCC)OCCC,orthoester,C=CC(=O)NCC*,CCC*,CCO*,CCCCCCCCCC*,6.3031237,0.7130213085232278,3.3108162274009327,4.952900000000005,HTS
TS0103,121,COC(OC(C)(C)C)(c1ccc(N(C)C)cc1)C1CCCCC1,ketal,*C(C)(C)C,*C,*c1ccc(N(C)C)cc1,*C1CCCCC1,6.302817344665527,0.4549450576305389,3.193396690047039,4.947200000000005,Targeted_search
TS0104,122,CCCCCCC(OCC)(OCNC)c1ccc(N(C)C)cc1,ketal,*CNC,*CC,*c1ccc(N(C)C)cc1,*CCCCCC,6.301201343536377,0.5058138370513916,3.2636108727393456,4.105800000000003,Targeted_search
TS0105,123,CCCCCCCCCCC(OC)(OC)OCOC,orthoester,*COC,*C,*OC,*CCCCCCCCCC,6.301154136657715,0.432704210281372,2.7360933557161005,4.084300000000003,Targeted_search
TS0106,124,CCCCCCCCCCC(OC)(OC)OCF,orthoester,*CF,*C,*OC,*CCCCCCCCCC,6.2996039390563965,0.4867779612541199,2.841788349068837,4.407400000000004,Targeted_search
TS0107,125,CCCCCCCCCCC(OCCN)(OCCNC(=O)OC)c1c(OC)cc(OC)cc1OC,ketal,*CCNC(=O)OC,*CCN,*c1c(OC)cc(OC)cc1OC,*CCCCCCCCCC,6.296764850616455,0.8850234746932983,3.413961403724384,4.743900000000004,Targeted_search
TS0108,126,CCCCCCC(OC)(OCN)c1ccc(N(C)C)cc1,ketal,*CN,*C,*c1ccc(N(C)C)cc1,*CCCCCC,6.2922773361206055,0.4796073138713836,3.1649419168157182,3.455000000000002,Targeted_search
TS0109,127,CCCCCCCCCCC(OC)(OCCCO)OC(C)C,orthoester,*CCCO,*C(C)C,*OC,*CCCCCCCCCC,6.288281440734863,0.5193310976028442,3.193257701750504,4.641400000000004,Targeted_search
TS0110,128,CCCCCCCCCCC(OCCN)(OCCNC(C)=O)c1c(OC)cc(OC)cc1OC,ketal,*CCNC(C)=O,*CCN,*c1c(OC)cc(OC)cc1OC,*CCCCCCCCCC,6.288099765777588,0.9155115485191344,3.378896309091364,4.524000000000004,Targeted_search
TS0111,129,CCOC(OC)(c1ccc(N(C)C)cc1)C1CCCCC1,ketal,*CC,*C,*c1ccc(N(C)C)cc1,*C1CCCCC1,6.285851001739502,0.3978616297245025,3.129897147674865,4.168600000000004,Targeted_search
TS0112,130,CCCCCCCCCCC(OC)(OC)OCCCO,orthoester,*CCCO,*C,*OC,*CCCCCCCCCC,6.284629821777344,0.584517776966095,2.6800259602266028,3.862800000000003,Targeted_search
HTS000019,131,C=CC(=O)NCCOCCOC(CCCCCCCCCC)(OCC)OCC,orthoester,C=CC(=O)NCCOCC*,CC*,O(CC)*,CCCCCCCCCC*,6.28370058,0.8491273166823203,2.921696541741534,4.579400000000003,HTS
TS0113,132,CCCOC(OCC)(c1ccc(N(C)C)cc1)C1CCCCC1,ketal,*CCC,*CC,*c1ccc(N(C)C)cc1,*C1CCCCC1,6.281965732574463,0.4212388396263122,3.198867222591417,4.948800000000005,Targeted_search
TS0114,133,C=CC(=O)NCCOC(CCCCCCCCCC)(OCCN)c1c(OC)cc(OC)cc1OC,ketal,*CCNC(=O)C=C,*CCN,*c1c(OC)cc(OC)cc1OC,*CCCCCCCCCC,6.28159761428833,0.9414585828781128,3.500841780490476,4.690100000000004,Targeted_search
TS0115,134,CCOC(OCC)(c1ccc(N(C)C)cc1)C1CCCCC1,ketal,*CC,*CC,*c1ccc(N(C)C)cc1,*C1CCCCC1,6.281465530395508,0.3986684679985046,2.762441967608593,4.558700000000004,Targeted_search
HTS000020,135,C=CC(=O)NCCOCCOC(CCCCCCCCCC)(OCC)OC(C)C,orthoester,C=CC(=O)NCCOCC*,C(C)(C)*,CCO*,CCCCCCCCCC*,6.280757759999999,0.7481166576783667,3.4094261120987053,4.967900000000005,HTS
TS0116,136,CCCCCCCCCCC(OCCO)(OCCCN)c1c(OC)cc(OC)cc1OC,ketal,*CCCN,*CCO,*c1c(OC)cc(OC)cc1OC,*CCCCCCCCCC,6.279134750366211,0.935716986656189,3.353114044084526,4.770300000000003,Targeted_search
TS0117,137,CCCCCCC(OCCN)(OC(C)C)c1ccc(N(C)C)cc1,ketal,*CCN,*C(C)C,*c1ccc(N(C)C)cc1,*CCCCCC,6.278408050537109,0.5220309495925903,3.214811399384901,4.276100000000003,Targeted_search
TS0118,138,CCCCCCCCCCC(OC)(OC)OCCO,orthoester,*CCO,*C,*OC,*CCCCCCCCCC,6.275314807891846,0.5241908431053162,2.7002083049178403,3.472700000000003,Targeted_search
HTS000021,139,CCCCCCCCCCC(OC)(OCCOC)OC(C)C,orthoester,C(COC)*,C(C)(C)*,CO*,CCCCCCCCCC*,6.26811988,0.4439336883824132,3.1507590888879555,4.905400000000005,HTS
TS0119,140,CCCCCCC(OCCCN)(OC(C)C)c1ccc(N(C)C)cc1,ketal,*CCCN,*C(C)C,*c1ccc(N(C)C)cc1,*CCCCCC,6.266732692718506,0.5531281232833862,3.195442601410382,4.666200000000004,Targeted_search
TS0120,141,CCCCCC(OC)(OC(C)C)c1ccc(N(C)C)cc1,ketal,*C(C)C,*C,*c1ccc(N(C)C)cc1,*CCCCC,6.266362190246582,0.4079688787460327,3.041808229813066,4.557100000000005,Targeted_search
TS0121,142,CCOC(OC)(c1ccc(N(C)C)cc1)C(CC)CC,ketal,*CC,*C,*c1ccc(N(C)C)cc1,*C(CC)CC,6.265069961547852,0.4054239690303802,3.2447419432338727,4.024500000000003,Targeted_search
HTS000022,143,C=CC(=O)NCCOC(CCCCCCCCCC)(OCC)OC(C)C,orthoester,C(CNC(=O)C=C)*,C(C)(C)*,CCO*,CCCCCCCCCC*,6.26271458,0.6672315932286191,3.3585479449984046,4.951300000000004,HTS
TS0122,144,CCCCCCCCCCC(OC)(OCCO)OC(C)C,orthoester,*CCO,*C(C)C,*OC,*CCCCCCCCCC,6.262564182281494,0.4411519169807434,3.2106819698661173,4.251300000000003,Targeted_search
TS0123,145,CCCCCCC(OC)(ONCC)c1ccc(N(C)C)cc1,ketal,*NCC,*C,*c1ccc(N(C)C)cc1,*CCCCCC,6.262126445770264,0.4859550893306732,3.229427941346973,4.063300000000004,Targeted_search
TS0124,146,CCCCCCC(OCCOC)(OC(C)C)c1ccc(N(C)C)cc1,ketal,*CCOC,*C(C)C,*c1ccc(N(C)C)cc1,*CCCCCC,6.2600579261779785,0.5427493453025818,3.1317643405408173,4.963800000000005,Targeted_search
TS0125,147,CCCCCCC(OCCOCCN)(OC(C)(C)C)c1ccc(N(C)C)cc1,ketal,*CCOCCN,*C(C)(C)C,*c1ccc(N(C)C)cc1,*CCCCCC,6.259676456451416,0.6265203952789307,3.285868657540064,4.682800000000004,Targeted_search
TS0126,148,CCCOC(OC)(c1ccc(N(C)C)cc1)C1CCCCC1,ketal,*CCC,*C,*c1ccc(N(C)C)cc1,*C1CCCCC1,6.2572197914123535,0.4255644083023071,3.149760423143336,4.558700000000004,Targeted_search
TS0127,149,CCCCCCCCCCC(OC)(OCOC)OC(C)C,orthoester,*COC,*C(C)C,*OC,*CCCCCCCCCC,6.256997108459473,0.3352668285369873,3.2434734818024555,4.862900000000004,Targeted_search
HTS000023,150,CCCCCCCCCCC(OC)(OC)OCCF,orthoester,FCC*,C*,CO*,CCCCCCCCCC*,6.255182280000001,0.5239586876380213,2.860789727269076,4.449900000000004,HTS
TS0128,151,CCCCCC(OCC)(OCCC)c1ccc(N(C)C)cc1,ketal,*CCC,*CC,*c1ccc(N(C)C)cc1,*CCCCC,6.253688335418701,0.4157220125198364,3.036158332267528,4.948800000000005,Targeted_search
TS0129,152,CCOC(CC(C)(C)C)(OC(C)C)c1ccc(N(C)C)cc1,ketal,*C(C)C,*CC,*c1ccc(N(C)C)cc1,*CC(C)(C)C,6.253098487854004,0.3997159600257873,3.218838099193648,4.803100000000005,Targeted_search
HTS000024,153,CCCCCCCCCCC(OC)(OCC)OCCOCCN,orthoester,C(COCCN)*,C(C)*,CO*,CCCCCCCCCC*,6.25129664,0.7328539267209355,3.223302488863607,3.8458000000000014,HTS
HTS000025,154,CCCCCCCCCCC(OC)(OCCC)OCCOCCN,orthoester,C(COCCN)*,C(CC)*,CO*,CCCCCCCCCC*,6.24909622,0.6671944437884011,3.249081802511188,4.235900000000003,HTS
TS0130,155,CCCCCCCCCCC(OC)(OCC)OCCNC(C)=O,orthoester,*CCNC(C)=O,*CC,*OC,*CCCCCCCCCC,6.249073505401611,0.692014217376709,3.111889478508578,4.006600000000002,Targeted_search
TS0131,156,CCCCCCCCCCC(OCC)(OCO)OCCC,orthoester,*CCC,*CO,*OCC,*CCCCCCCCCC,6.2469801902771,0.6721159219741821,3.296133132029494,4.600500000000004,Targeted_search
TS0132,157,CCCCCCCCCCC(OCO)(OCCNC(C)=O)c1c(OC)cc(OC)cc1OC,ketal,*CCNC(C)=O,*CO,*c1c(OC)cc(OC)cc1OC,*CCCCCCCCCC,6.245759963989258,0.8814039826393127,3.398795955782361,4.515100000000003,Targeted_search
TS0133,158,COC(CC(C)(C)C)(OC(C)(C)C)c1ccc(N(C)C)cc1,ketal,*C(C)(C)C,*C,*c1ccc(N(C)C)cc1,*CC(C)(C)C,6.242239952087402,0.4423385560512543,3.195367318794375,4.803100000000005,Targeted_search
TS0134,159,CCCCCCCCCCC(OCCN)(OCCCO)c1c(OC)cc(OC)cc1OC,ketal,*CCCO,*CCN,*c1c(OC)cc(OC)cc1OC,*CCCCCCCCCC,6.241235733032227,0.9272149205207824,3.3621263517768343,4.770300000000003,Targeted_search
TS0135,160,CCCCCC(OC)(OC)c1ccc(N(C)C)cc1,ketal,*C,*C,*c1ccc(N(C)C)cc1,*CCCCC,6.241126537322998,0.3646541237831116,2.4428779376073564,3.778500000000003,Targeted_search
HTS000026,161,CCCCCCCCCCC(OC)(OCCOCCN)OC(C)(C)C,orthoester,C(COCCN)*,C(C)(C)(C)*,CO*,CCCCCCCCCC*,6.24056834,0.6368876341208755,3.29746668167794,4.624400000000003,HTS
TS0136,162,CCCCCC(OCC)(OCC)c1ccc(N(C)C)cc1,ketal,*CC,*CC,*c1ccc(N(C)C)cc1,*CCCCC,6.239105701446533,0.400210827589035,2.57517836844278,4.558700000000004,Targeted_search
TS0137,163,CCCCCCCCCCC(OCN)(OCCOC)c1c(OC)cc(OC)cc1OC,ketal,*CCOC,*CN,*c1c(OC)cc(OC)cc1OC,*CCCCCCCCCC,6.239081859588623,0.9303314089775084,3.3691818408347523,4.991800000000004,Targeted_search
TS0138,164,CCCCCCC(OCC)(OCCOCC)c1ccc(N(C)C)cc1,ketal,*CCOCC,*CC,*c1ccc(N(C)C)cc1,*CCCCCC,6.238869667053223,0.5623694658279419,3.0791896917113863,4.965400000000005,Targeted_search
TS0139,165,CCCCCC(OC)(OC(C)(C)C)c1ccc(N(C)C)cc1,ketal,*C(C)(C)C,*C,*c1ccc(N(C)C)cc1,*CCCCC,6.236780643463135,0.4402356147766113,3.058894224716284,4.947200000000005,Targeted_search
TS0140,166,CCCCCCCCCCC(OC)(OCCC)OCCNC(C)=O,orthoester,*CCNC(C)=O,*CCC,*OC,*CCCCCCCCCC,6.234281539916992,0.6405158042907715,3.142608435184922,4.396700000000004,Targeted_search
TS0141,167,CCCCCCC(OC)(OCNC)c1ccc(N(C)C)cc1,ketal,*CNC,*C,*c1ccc(N(C)C)cc1,*CCCCCC,6.234023094177246,0.4796644151210785,3.229559593301575,3.715700000000002,Targeted_search
TS0142,168,CCCCCCC(OC)(OOCCC)c1ccc(N(C)C)cc1,ketal,*OCCC,*C,*c1ccc(N(C)C)cc1,*CCCCCC,6.233664989471436,0.5329060554504395,3.168704141970116,4.880400000000005,Targeted_search
HTS000027,169,C=CCCCOC(CCCCCCCCCC)(OC)OCCOCCN,orthoester,C(COCCN)*,C(CCC=C)*,CO*,CCCCCCCCCC*,6.23125328,0.6848429451183838,3.3909770510275106,4.792100000000004,HTS
TS0143,170,CCC(CC)C(OC)(OC)c1ccc(N(C)C)cc1,ketal,*C,*C,*c1ccc(N(C)C)cc1,*C(CC)CC,6.230715274810791,0.3370993435382843,2.790529486510941,3.634400000000003,Targeted_search
TS0144,171,CCCCCCCCCCC(OCCC)(OCCCN)OCOC,orthoester,*CCCN,*COC,*OCCC,*CCCCCCCCCC,6.228993892669678,0.5770243406295776,3.3142035219682,4.583500000000004,Targeted_search
TS0145,172,CCCCCCCCCCC(OCCC)(OCCCCO)ONCC,orthoester,*CCCCO,*NCC,*OCCC,*CCCCCCCCCC,6.2262282371521,0.7497232556343079,3.424807828222762,4.927800000000005,Targeted_search
TS0146,173,CCCCCCC(OCCOCCN)(OC(C)C)c1ccc(N(C)C)cc1,ketal,*CCOCCN,*C(C)C,*c1ccc(N(C)C)cc1,*CCCCCC,6.226007461547852,0.6154752969741821,3.26565426352661,4.292700000000004,Targeted_search
TS0147,174,CCC(CC)C(OC)(OC(C)C)c1ccc(N(C)C)cc1,ketal,*C(C)C,*C,*c1ccc(N(C)C)cc1,*C(CC)CC,6.225194454193115,0.3977735638618469,3.311532955087793,4.413000000000004,Targeted_search
TS0148,175,CCOC(OC(C)C)(c1ccc(N(C)C)cc1)C(CC)CC,ketal,*C(C)C,*CC,*c1ccc(N(C)C)cc1,*C(CC)CC,6.225165367126465,0.3874684870243072,3.346347418979648,4.803100000000005,Targeted_search
TS0149,176,CCCCCC(OC)(OCC)c1ccc(N(C)C)cc1,ketal,*CC,*C,*c1ccc(N(C)C)cc1,*CCCCC,6.224276065826416,0.3954678177833557,2.946321523653454,4.168600000000003,Targeted_search
TS0150,177,CCCCCCCCCCC(OCCC)(OCCCO)OC(=O)CC,orthoester,*CCCO,*C(=O)CC,*OCCC,*CCCCCCCCCC,6.221102237701416,0.6104300618171692,3.2487932081949022,4.949800000000006,Targeted_search
HTS000028,178,CCCCCCCCCCC(OC)(OC)OCCCl,orthoester,ClCC*,C*,CO*,CCCCCCCCCC*,6.21940014,0.5657628295216913,2.78424923380028,4.719200000000004,HTS
TS0151,179,CCCCCCCCCCC(OCO)(OCCNC(=O)OC)c1c(OC)cc(OC)cc1OC,ketal,*CCNC(=O)OC,*CO,*c1c(OC)cc(OC)cc1OC,*CCCCCCCCCC,6.219108581542969,0.8486324548721313,3.432131126905128,4.735000000000004,Targeted_search
TS0152,180,COC(CC(C)(C)C)(OC)c1ccc(N(C)C)cc1,ketal,*C,*C,*c1ccc(N(C)C)cc1,*CC(C)(C)C,6.215062141418457,0.3363614082336426,2.634722789678364,3.634400000000003,Targeted_search
HTS000029,181,CCCCCCCCCCC(OCC)(OCC)OCCNC(=O)OC,orthoester,C(CNC(=O)OC)*,CC*,O(CC)*,CCCCCCCCCC*,6.214451540000001,0.7624253086230273,2.7458989284843334,4.616600000000004,HTS
TS0153,182,CCCCCCCCCCC(OCCN)(OCCO)c1c(OC)cc(OC)cc1OC,ketal,*CCO,*CCN,*c1c(OC)cc(OC)cc1OC,*CCCCCCCCCC,6.21434211730957,0.901783287525177,3.3570401962724183,4.380200000000003,Targeted_search
TS0154,183,CCCOC(OC)(c1ccc(N(C)C)cc1)C(CC)CC,ketal,*CCC,*C,*c1ccc(N(C)C)cc1,*C(CC)CC,6.213912963867188,0.4283382594585418,3.277212278396062,4.4146000000000045,Targeted_search
TS0155,184,CCCCCCCCCCC(OCCO)(OCCNC(=O)OC)c1c(OC)cc(OC)cc1OC,ketal,*CCNC(=O)OC,*CCO,*c1c(OC)cc(OC)cc1OC,*CCCCCCCCCC,6.213764190673828,0.8413879871368408,3.3873033189520143,4.777500000000004,Targeted_search
TS0156,185,CCCCCCCCCCC(OCC)(OCN)OC(C)(C)C,orthoester,*C(C)(C)C,*CN,*OCC,*CCCCCCCCCC,6.212202072143555,0.6930288672447205,3.3817387357984234,4.9554000000000045,Targeted_search
TS0157,186,CCCCCCCCCCC(OCC)(OCO)OC(C)(C)C,orthoester,*C(C)(C)C,*CO,*OCC,*CCCCCCCCCC,6.211198329925537,0.7066503167152405,3.364384889644577,4.989000000000005,Targeted_search
TS0158,187,C=CC(=O)NCCOC(CCCCCCCCCC)(OCO)c1c(OC)cc(OC)cc1OC,ketal,*CCNC(=O)C=C,*CO,*c1c(OC)cc(OC)cc1OC,*CCCCCCCCCC,6.210267066955566,0.8878158926963806,3.521755094516464,4.681200000000004,Targeted_search
TS0159,188,COC(CC(C)(C)C)(OC(C)C)c1ccc(N(C)C)cc1,ketal,*C(C)C,*C,*c1ccc(N(C)C)cc1,*CC(C)(C)C,6.209969997406006,0.4067310392856598,3.183656621421457,4.413000000000004,Targeted_search
TS0160,189,CCCCCCCCCCC(OCC)(OCN)OCCC,orthoester,*CCC,*CN,*OCC,*CCCCCCCCCC,6.2098002433776855,0.649764895439148,3.313781111168998,4.566900000000003,Targeted_search
TS0161,190,CCCCCC(OC)(OCCC)c1ccc(N(C)C)cc1,ketal,*CCC,*C,*c1ccc(N(C)C)cc1,*CCCCC,6.208618640899658,0.4138600528240204,2.991876930078318,4.558700000000004,Targeted_search
TS0162,191,CCCCCCCCCCC(OC)(OCCNC(C)=O)OC(C)(C)C,orthoester,*CCNC(C)=O,*C(C)(C)C,*OC,*CCCCCCCCCC,6.208541870117188,0.6180063486099243,3.1928389224806164,4.785200000000004,Targeted_search
TS0163,192,CCCCCCC(OCCCO)(OC(C)C)c1ccc(N(C)C)cc1,ketal,*CCCO,*C(C)C,*c1ccc(N(C)C)cc1,*CCCCCC,6.207023143768311,0.5427202582359314,3.1693355779990107,4.699800000000004,Targeted_search
TS0164,193,CCCCCCCCCCC(OCCO)(OCCNC(C)=O)c1c(OC)cc(OC)cc1OC,ketal,*CCNC(C)=O,*CCO,*c1c(OC)cc(OC)cc1OC,*CCCCCCCCCC,6.206574440002441,0.878188967704773,3.351396390063023,4.557600000000003,Targeted_search
TS0165,194,COC(OCC(C)(C)C)(c1ccc(N(C)C)cc1)C(C)(C)C,ketal,*CC(C)(C)C,*C,*c1ccc(N(C)C)cc1,*C(C)(C)C,6.202018737792969,0.375975102186203,3.325725213531217,4.660600000000004,Targeted_search
TS0166,195,CCCCCCC(OCCC)(OCCOC)c1ccc(N(C)C)cc1,ketal,*CCOC,*CCC,*c1ccc(N(C)C)cc1,*CCCCCC,6.200277805328369,0.5439072251319885,3.0907591422608363,4.965400000000005,Targeted_search
TS0167,196,CCCCCCCCCCC(OCO)(OCCCO)c1c(OC)cc(OC)cc1OC,ketal,*CCCO,*CO,*c1c(OC)cc(OC)cc1OC,*CCCCCCCCCC,6.1940598487854,0.8979998826980591,3.387011549057565,4.7614000000000045,Targeted_search
TS0168,197,CCC(CC)C(OC)(OC(C)(C)C)c1ccc(N(C)C)cc1,ketal,*C(C)(C)C,*C,*c1ccc(N(C)C)cc1,*C(CC)CC,6.189672470092773,0.4217104911804199,3.319122449326274,4.803100000000005,Targeted_search
TS0169,198,CCOC(CC(C)(C)C)(OC)c1ccc(N(C)C)cc1,ketal,*CC,*C,*c1ccc(N(C)C)cc1,*CC(C)(C)C,6.183431148529053,0.3832907974720001,3.0909796790829294,4.024500000000003,Targeted_search
TS0170,199,CCCCCCCCCCC(OCCC)(OCCCN)ONCC,orthoester,*CCCN,*NCC,*OCCC,*CCCCCCCCCC,6.182846546173096,0.7214220762252808,3.473688816085847,4.504100000000003,Targeted_search
TS0171,200,CCCCCCC(OCC)(OCO)c1ccc(N(C)C)cc1,ketal,*CO,*CC,*c1ccc(N(C)C)cc1,*CCCCCC,6.182610511779785,0.4807339906692505,3.183642569341929,3.878700000000003,Targeted_search
TS0172,201,CCCCCCCCCCC(OCCCN)(OC(=O)CC)OC(C)C,orthoester,*CCCN,*C(=O)CC,*OC(C)C,*CCCCCCCCCC,6.181977272033691,0.6074818968772888,3.306709491042489,4.914600000000004,Targeted_search
TS0173,202,C=CC(=O)NCCOC(CCCCCCCCCC)(OCCO)c1c(OC)cc(OC)cc1OC,ketal,*CCNC(=O)C=C,*CCO,*c1c(OC)cc(OC)cc1OC,*CCCCCCCCCC,6.181939601898193,0.8893481492996216,3.4741836957181054,4.7237000000000045,Targeted_search
TS0174,203,CCOC(OCC)(c1ccc(N(C)C)cc1)C(CC)CC,ketal,*CC,*CC,*c1ccc(N(C)C)cc1,*C(CC)CC,6.1796698570251465,0.403238296508789,2.864669531363342,4.4146000000000045,Targeted_search
TS0175,204,CCCCCCCCCCC(OC)(OC)OCCBr,orthoester,*CCBr,*C,*OC,*CCCCCCCCCC,6.179047584533691,0.6092255711555481,2.835790888372122,4.875300000000005,Targeted_search
TS0176,205,CCCOC(CC(C)(C)C)(OCC)c1ccc(N(C)C)cc1,ketal,*CCC,*CC,*c1ccc(N(C)C)cc1,*CC(C)(C)C,6.178183555603027,0.400911808013916,3.1672345115480978,4.804700000000005,Targeted_search
TS0177,206,CCCCCCC(OCCO)(OC(C)C)c1ccc(N(C)C)cc1,ketal,*CCO,*C(C)C,*c1ccc(N(C)C)cc1,*CCCCCC,6.177803993225098,0.5093497633934021,3.1752281826016846,4.309700000000004,Targeted_search
TS0178,207,CCCCCCCCCCC(OCO)(OCCO)c1c(OC)cc(OC)cc1OC,ketal,*CCO,*CO,*c1c(OC)cc(OC)cc1OC,*CCCCCCCCCC,6.1773681640625,0.8836585879325867,3.3850847959652413,4.371300000000003,Targeted_search
TS0179,208,CCCOC(CC(C)(C)C)(OC)c1ccc(N(C)C)cc1,ketal,*CCC,*C,*c1ccc(N(C)C)cc1,*CC(C)(C)C,6.1759233474731445,0.4106122255325317,3.1294090539888906,4.4146000000000045,Targeted_search
TS0180,209,CCCCCCC(OC)(OCCOCC)c1ccc(N(C)C)cc1,ketal,*CCOCC,*C,*c1ccc(N(C)C)cc1,*CCCCCC,6.173588752746582,0.5642119646072388,3.0341372526361265,4.575300000000004,Targeted_search
TS0181,210,CCOC(CC(C)(C)C)(OCC)c1ccc(N(C)C)cc1,ketal,*CC,*CC,*c1ccc(N(C)C)cc1,*CC(C)(C)C,6.173516273498535,0.3886876702308655,2.712714499553048,4.4146000000000045,Targeted_search
TS0182,211,CCCCCCC(OCCC)(OCCN)c1ccc(N(C)C)cc1,ketal,*CCN,*CCC,*c1ccc(N(C)C)cc1,*CCCCCC,6.171087741851807,0.519712507724762,3.1702924765167246,4.277700000000003,Targeted_search
TS0183,212,CCCCCCCCCCC(OCCC)(OCCCCO)OCNC,orthoester,*CCCCO,*CNC,*OCCC,*CCCCCCCCCC,6.170716285705566,0.7517663836479187,3.407886268092751,4.580200000000003,Targeted_search
TS0184,213,CCCCCCC(OCC)(OCCCCO)c1ccc(N(C)C)cc1,ketal,*CCCCO,*CC,*c1ccc(N(C)C)cc1,*CCCCCC,6.168946266174316,0.5982357263565063,3.077407493909188,4.701400000000005,Targeted_search
TS0185,214,CCCCCCCCCCC(OCC)(OCCN)OC(C)(C)C,orthoester,*C(C)(C)C,*CCN,*OCC,*CCCCCCCCCC,6.168471336364746,0.7123897671699524,3.2947659208162694,4.997900000000004,Targeted_search
HTS000030,215,CCCCCCCCCCC(OC)(OCCOCCN)OC(C)C,orthoester,C(COCCN)*,C(C)(C)*,CO*,CCCCCCCCCC*,6.16584278,0.5860148664866086,3.2822830620505936,4.234300000000003,HTS
TS0186,216,CCCCCCC(OCCOCCN)(Oc1ccccc1)c1ccc(N(C)C)cc1,ketal,*CCOCCN,*c1ccccc1,*c1ccc(N(C)C)cc1,*CCCCCC,6.16496467590332,0.6674633622169495,3.063114491850752,4.946700000000004,Targeted_search
TS0187,217,CCCCCCCCCCC(OCCO)(OCCCO)c1c(OC)cc(OC)cc1OC,ketal,*CCCO,*CCO,*c1c(OC)cc(OC)cc1OC,*CCCCCCCCCC,6.164680480957031,0.885796070098877,3.333098659469141,4.803900000000004,Targeted_search
TS0188,218,C=CCCCOC(CCCCCCCCCC)(OC)OCCNC(C)=O,orthoester,*CCNC(C)=O,*CCCC=C,*OC,*CCCCCCCCCC,6.16181755065918,0.6613134145736694,3.2943905161259064,4.952900000000004,Targeted_search
TS0189,219,CCCCCCC(OCC)(OCCOC)c1ccc(N(C)C)cc1,ketal,*CCOC,*CC,*c1ccc(N(C)C)cc1,*CCCCCC,6.161789894104004,0.5421580672264099,3.0463218680207422,4.575300000000004,Targeted_search
HTS000031,220,CCCCCCCCCCC(OC)(OC)Oc1c(C(=O)O)cccc1C(=O)O,orthoester,c1(*)c(C(=O)O)cccc1C(=O)O,C*,CO*,CCCCCCCCCC*,6.1614926400000005,0.9342345798378447,2.667864287919407,4.939200000000004,HTS
HTS000032,221,C=CC(=O)NCCOCCOC(CCCCCCCCCC)(OC)OC(C)(C)C,orthoester,C=CC(=O)NCCOCC*,C(C)(C)(C)*,CO*,CCCCCCCCCC*,6.16126734,0.7194250005289239,3.395257992440584,4.967900000000005,HTS
TS0190,222,CCCCCCCCCCC(OCC)(OCO)OC(C)C,orthoester,*C(C)C,*CO,*OCC,*CCCCCCCCCC,6.159680366516113,0.5947970151901245,3.3576374075319,4.598900000000004,Targeted_search
TS0191,223,CCCCCCCCCCC(OCC)(OCN)OC(C)C,orthoester,*C(C)C,*CN,*OCC,*CCCCCCCCCC,6.15919828414917,0.5858174562454224,3.375589662173809,4.565300000000003,Targeted_search
HTS000033,224,C=CC(=O)NCCOCCOC(CCCCCCCCCC)(OC)OCC,orthoester,C=CC(=O)NCCOCC*,C(C)*,CO*,CCCCCCCCCC*,6.157992180000001,0.8417620398006849,3.320014457858595,4.189300000000003,HTS
TS0192,225,CCCCCCCCCCC(OCCC)(OCCCO)OCOC,orthoester,*CCCO,*COC,*OCCC,*CCCCCCCCCC,6.1571149826049805,0.5397986173629761,3.287712571741955,4.617100000000005,Targeted_search
TS0193,226,CCCCCCC(OCCC)(OCCCN)c1ccc(N(C)C)cc1,ketal,*CCCN,*CCC,*c1ccc(N(C)C)cc1,*CCCCCC,6.156881332397461,0.5529527068138123,3.1535277136894084,4.667800000000004,Targeted_search
TS0194,227,CCCCCCC(OCC)(OCCCN)c1ccc(N(C)C)cc1,ketal,*CCCN,*CC,*c1ccc(N(C)C)cc1,*CCCCCC,6.156469345092773,0.5525490641593933,3.111900972498355,4.277700000000003,Targeted_search
TS0195,228,CCCCCCCCCCC(OC)(OC)OCCNC(C)=O,orthoester,*CCNC(C)=O,*C,*OC,*CCCCCCCCCC,6.15505838394165,0.650353193283081,2.657190696404916,3.616500000000002,Targeted_search
TS0196,229,CCCCCCC(OCC)(OCCN)c1ccc(N(C)C)cc1,ketal,*CCN,*CC,*c1ccc(N(C)C)cc1,*CCCCCC,6.153661727905273,0.5225863456726074,3.130547170816269,3.8876000000000026,Targeted_search
TS0197,230,CCCCCCCCCCC(OCCC)(OCCOCCN)OC(=O)CC,orthoester,*CCOCCN,*C(=O)CC,*OCCC,*CCCCCCCCCC,6.153347969055176,0.6833343505859375,3.338355146117704,4.542700000000003,Targeted_search
HTS000034,231,C=CC(=O)NCCOCCOC(CCCCCCCCCC)(OC)OCCC,orthoester,C=CC(=O)NCCOCC*,C(CC)*,CO*,CCCCCCCCCC*,6.151402340000001,0.7651673765960088,3.348169817139957,4.579400000000003,HTS
HTS000035,232,C=CC(=O)NCCOC(CCCCCCCCCC)(OC)OCC,orthoester,C(CNC(=O)C=C)*,C(C)*,CO*,CCCCCCCCCC*,6.149156,0.7263907931725898,3.269827723359436,4.172700000000003,HTS
TS0198,233,CCCCCCC(OCC)(OCF)c1ccc(N(C)C)cc1,ketal,*CF,*CC,*c1ccc(N(C)C)cc1,*CCCCCC,6.148791313171387,0.4018066227436065,3.1857217622801377,4.8559000000000045,Targeted_search
HTS000036,234,CCCCCCCCCCC(OC)(OC)OCCOCCN,orthoester,C(COCCN)*,C*,CO*,CCCCCCCCCC*,6.14504626,0.6975102883674493,2.7741419676085943,3.455700000000001,HTS
TS0199,235,CCCCCCC(OCCC)(OCCOCCN)c1ccc(N(C)C)cc1,ketal,*CCOCCN,*CCC,*c1ccc(N(C)C)cc1,*CCCCCC,6.142979621887207,0.6137092709541321,3.2269081825549515,4.294300000000003,Targeted_search
TS0200,236,CCCCCCCCCCC(OCCO)(OCCO)c1c(OC)cc(OC)cc1OC,ketal,*CCO,*CCO,*c1c(OC)cc(OC)cc1OC,*CCCCCCCCCC,6.141294479370117,0.8662238121032715,2.910200785830515,4.413800000000004,Targeted_search
TS0201,237,COC(OC)(c1ccc(N(C)C)cc1)C(C)(C)C,ketal,*C,*C,*c1ccc(N(C)C)cc1,*C(C)(C)C,6.139040946960449,0.2046051919460296,2.696966653487824,3.2443000000000017,Targeted_search
TS0202,238,CCCCCCCCCCC(OCCC)(OCCCN)OCNC,orthoester,*CCCN,*CNC,*OCCC,*CCCCCCCCCC,6.138795375823975,0.7314563393592834,3.456020716538336,4.156500000000002,Targeted_search
TS0203,239,CCCCCCCCCCC(OCC)(OCCCCO)OC(=O)CC,orthoester,*CCCCO,*C(=O)CC,*OCC,*CCCCCCCCCC,6.137945652008057,0.6799759268760681,3.207846175227869,4.949800000000006,Targeted_search
TS0204,240,CCCCCCCCCCC(OCCC)(OCCCO)ONCC,orthoester,*CCCO,*NCC,*OCCC,*CCCCCCCCCC,6.13677453994751,0.685623288154602,3.447197865859602,4.537700000000004,Targeted_search
TS0205,241,CCCCCCCCCCC(OC)(OCCNC(C)=O)OC(C)C,orthoester,*CCNC(C)=O,*C(C)C,*OC,*CCCCCCCCCC,6.136305809020996,0.5635659694671631,3.1746995112730128,4.395100000000003,Targeted_search
TS0206,242,CCCOC(OCC)(c1ccc(N(C)C)cc1)C(CC)CC,ketal,*CCC,*CC,*c1ccc(N(C)C)cc1,*C(CC)CC,6.1352715492248535,0.4089658558368683,3.313636428106115,4.804700000000005,Targeted_search
TS0207,243,CCCCCCCCCCC(OCC)(OCCCCCCO)OCNC,orthoester,*CCCCCCO,*CNC,*OCC,*CCCCCCCCCC,6.135239601135254,0.7896562218666077,3.3569117703622293,4.970300000000005,Targeted_search
HTS000037,244,C=CC(=O)NCCOC(CCCCCCCCCC)(OC)OCCC,orthoester,C=CC(=O)NCC*,CCC*,CO*,CCCCCCCCCC*,6.1339376,0.6781243001611429,3.2952470543487493,4.562800000000004,HTS
TS0208,245,CCCCCCCCCCC(OCC)(OCCCN)OC(=O)CC,orthoester,*CCCN,*C(=O)CC,*OCC,*CCCCCCCCCC,6.13241720199585,0.6524561643600464,3.2481801917865294,4.526100000000003,Targeted_search
TS0209,246,CCCCCCCCCCC(OCCC)(OCCNC(C)=O)OC(=O)CC,orthoester,*CCNC(C)=O,*C(=O)CC,*OCCC,*CCCCCCCCCC,6.128018379211426,0.6578257083892822,3.2432438019881493,4.703500000000004,Targeted_search
TS0210,247,CCOC(OC)(c1ccc(N(C)C)cc1)C(C)(C)C,ketal,*CC,*C,*c1ccc(N(C)C)cc1,*C(C)(C)C,6.125640869140625,0.2769995033740997,3.1714052452131067,3.634400000000003,Targeted_search
TS0211,248,CCCCCCCCCCC(OCCCN)(OCOC)OC(C)C,orthoester,*CCCN,*COC,*OC(C)C,*CCCCCCCCCC,6.125519752502441,0.5338770747184753,3.3664284122228096,4.581900000000004,Targeted_search
TS0212,249,CCCCCCC(OCC)(OCCOCCN)c1ccc(N(C)C)cc1,ketal,*CCOCCN,*CC,*c1ccc(N(C)C)cc1,*CCCCCC,6.124754428863525,0.6332922577857971,3.186303266389343,3.904200000000002,Targeted_search
TS0213,250,CCCCCCC(OCCNC(C)=O)(OC(C)(C)C)c1ccc(N(C)C)cc1,ketal,*CCNC(C)=O,*C(C)(C)C,*c1ccc(N(C)C)cc1,*CCCCCC,6.124411582946777,0.5807241201400757,3.1909211418978103,4.843600000000005,Targeted_search
TS0214,251,C=CCCCOC(CCCCCC)(OCCOCCN)c1ccc(N(C)C)cc1,ketal,*CCOCCN,*CCCC=C,*c1ccc(N(C)C)cc1,*CCCCCC,6.124067306518555,0.6285796165466309,3.370447542159159,4.850500000000004,Targeted_search
HTS000038,252,C=CC(=O)NCCOC(CCCCCCCCCC)(OC)OC(C)(C)C,orthoester,C(CNC(=O)C=C)*,C(C)(C)(C)*,CO*,CCCCCCCCCC*,6.1203039200000005,0.6473828223781856,3.3431420945108634,4.951300000000004,HTS
TS0215,253,CCCCCCCCCCC(OCCC)(OCCOC)OCOC,orthoester,*CCOC,*COC,*OCCC,*CCCCCCCCCC,6.1199445724487305,0.5193320512771606,3.249588816085847,4.881100000000004,Targeted_search
TS0216,254,C=CC(=O)NCCOCCOC(CCCCCC)(OC(C)C)c1ccc(N(C)C)cc1,ketal,*CCOCCNC(=O)C=C,*C(C)C,*c1ccc(N(C)C)cc1,*CCCCCC,6.116110324859619,0.6547788381576538,3.3787173290834733,4.636200000000004,Targeted_search
TS0217,255,CCCCCCCCCCC(OCC)(OCCOCCN)OSCC,orthoester,*CCOCCN,*SCC,*OCC,*CCCCCCCCCC,6.11124324798584,0.6646190285682678,3.5553848596420465,4.884100000000004,Targeted_search
TS0218,256,CCCCCCC(OC)(OCO)c1ccc(N(C)C)cc1,ketal,*CO,*C,*c1ccc(N(C)C)cc1,*CCCCCC,6.110794544219971,0.4634121656417846,3.1469896621738087,3.4886000000000026,Targeted_search
TS0219,257,CCCCCCCCCCC(OCCCCO)(ONCC)OC(C)C,orthoester,*CCCCO,*NCC,*OC(C)C,*CCCCCCCCCC,6.1107282638549805,0.6909005641937256,3.4586771642388587,4.926200000000004,Targeted_search
TS0220,258,CCCCCCCCCCC(OC)(OCCO)OCC(C)(C)C,orthoester,*CC(C)(C)C,*CCO,*OC,*CCCCCCCCCC,6.109708309173584,0.761737048625946,3.3351131735635224,4.889000000000005,Targeted_search
TS0221,259,CCCCCCCCCCC(OC)(OCN)OCC(C)(C)C,orthoester,*CC(C)(C)C,*CN,*OC,*CCCCCCCCCC,6.107152462005615,0.7407215237617493,3.467644889644577,4.812900000000004,Targeted_search
TS0222,260,CCCCCCCCCCC(OC)(OCO)OCC(C)(C)C,orthoester,*CC(C)(C)C,*CO,*OC,*CCCCCCCCCC,6.105604648590088,0.7601120471954346,3.450291043490731,4.846500000000004,Targeted_search
TS0223,261,CCOC(OC(C)(C)C)(c1ccc(N(C)C)cc1)C(C)(C)C,ketal,*C(C)(C)C,*CC,*c1ccc(N(C)C)cc1,*C(C)(C)C,6.104946613311768,0.3328297734260559,3.280771367377371,4.803100000000005,Targeted_search
TS0224,262,CCCCCCC(OCC)(OCCCO)c1ccc(N(C)C)cc1,ketal,*CCCO,*CC,*c1ccc(N(C)C)cc1,*CCCCCC,6.104353427886963,0.5456777811050415,3.0850146349553,4.311300000000004,Targeted_search
TS0225,263,CCCCCCCCCCC(OCCCO)(OC(=O)CC)OC(C)C,orthoester,*CCCO,*C(=O)CC,*OC(C)C,*CCCCCCCCCC,6.104083061218262,0.5622034072875977,3.2806024676311187,4.948200000000005,Targeted_search
