position,substituent,source
R1,*CCN1C(=O)c2ccccc2C1=O,low2
R1,*c1ccccc1C(=O)OC,low2
R1,*c1ccc([N+](=O)[O-])cc1,low2
R1,*c1c(C)cccc1C(=O)OC,low2
R1,*c1cccc([N+](=O)[O-])c1,low2
R1,*c1cccc(C(C)=O)c1,low2
R1,*c1ccccc1Cl,low2
R1,*c1ccc(Cl)cc1,low2
R1,*c1cccc(F)c1,low2
R1,*c1cccc(OC)c1,low2
R1,*c1ccc(OC)cc1,low2
R1,*c1c(C(=O)OC)cccc1[N+](=O)[O-],low2
R1,*Cc1ccccc1,low2
R1,*c1c(C(=O)OC)cccc1C(=O)OC,low2
R1,*c1cc(Cl)cc(Cl)c1,low2
R1,*c1ccc(C)cc1,low2
R1,*CC(F)(F)F,low2
R1,*c1cccc(C)c1,low2
R1,*c1ccccc1C(=O)O,low2
R1,*c1ccccc1,low2
R1,*CC(Cl)(Cl)Cl,low2
R1,*CCCl,low2
R1,*c1c(C)cccc1C(=O)O,low2
R1,*CCF,low2
R1,*c1ccc(C(=O)O)cc1,low2
R2,*CC(F)(F)F,low2
R2,*CCOCCN,low2
R2,*CCNC(=O)OC,low2
R2,*CCNC(=O)C(F)(F)F,low2
R2,*CCCl,low2
R2,*CCNC(=O)C=C,low2
R2,*CCF,low2
R2,*CCCNC(=O)C(F)(F)F,low2
R2,*CCOC(=O)C=C,low2
R2,*CC(Cl)(Cl)Cl,low2
R2,*CCN1C(=O)c2ccccc2C1=O,low2
R2,*CCOCCNC(=O)C=C,low2
R2,*c1ccccc1C(=O)O,low2
R2,*CCOC,low2
R2,*c1c(C(=O)O)cccc1[N+](=O)[O-],low2
R2,*c1ccc([N+](=O)[O-])cc1C(=O)O,low2
R2,*c1c(C(=O)O)cccc1C(=O)O,low2
R2,*CCOC(=O)C(=C)C,low2
R2,*CCCCCCO,low2
R2,*c1cc(Cl)cc(Cl)c1,low2
R3,*c1ccc([N+](=O)[O-])cc1,low2
R3,*c1cccc([N+](=O)[O-])c1,low2
R3,*CBr,low2
R3,*c1ccc(C(=O)O)cc1,low2
R3,*c1ccccc1C(=O)O,low2
R3,*c1ccc(C(=O)OC)cc1,low2
R3,*c1ccc(Cl)cc1,low2
R3,*c1ccccc1C(=O)OC,low2
R3,*OCCCl,low2
R3,*c1ccc(F)cc1,low2
R3,*CCl,low2
R3,*c1ccc(C(F)(F)F)cc1,low2
R3,*c1cccc(Br)c1,low2
R3,*c1cccc(Cl)c1,low2
R3,*c1ccc(Br)cc1,low2
R3,*c1ccccc1Cl,low2
R3,*COC(C)=O,low2
R3,*c1c(Cl)cccc1Cl,low2
R3,*CCc1ccccc1,low2
R3,[H],low2
R3,*C,low2
R3,*CC,low2
R3,*OCCF,low2
R3,*CO,low2
R3,*C(C)C,low2
R4,[H],low2
R4,*CO,low2
R4,*c1ccc(O)cc1,low2
R4,*COC(C)=O,low2
R4,*c1ccc([N+](=O)[O-])cc1,low2
R4,*c1ccco1,low2
R4,*c1ccc(N)cc1,low2
R4,*COC,low2
R4,*c1ccccc1O,low2
R4,*c1ccc(C(=O)O)cc1,low2
R4,*c1ccc(F)cc1,low2
R4,*c1ccccc1C(=O)O,low2
R4,*c1ccc2c(c1)CC(=O)N2O,low2
R4,*c1ccccc1,low2
R4,*c1cccc([N+](=O)[O-])c1,low2
R4,*c1ccc(C(=O)OC)cc1,low2
R4,*c1ccccc1C(=O)OC,low2
R4,*c1ccc(OCCOCCOCCO)cc1,low2
R4,*c1cccc(OC)c1,low2
R4,*c1ccc(OCCOCCOCCOCCO)cc1,low2
R4,*OC,low2
R1,*CCN1CCOCC1,low2
R1,*CC[PH](=O)O,low2
R1,*c1ccoc1,low2
R1,*CCO,low2
R1,*CCN,low2
R1,*CCBr,low2
R1,*CCS,low2
R1,*c1ccc(CN)cc1,low2
R1,*c1ccc(CC)cc1,low2
R2,*CCOCN,low2
R2,*CCOCC,low2
R2,*CCOCF,low2
R2,*CCOCO,low2
R2,*CCNC(C)=O,low2
R2,*CF,low2
R3,*c1ccc(C#N)cc1,low2
R3,*c1ccc(S)cc1,low2
R3,*c1ccc(CF)cc1,low2
R3,*c1ccncc1,low2
R3,*c1ccc(COC)cc1,low2
R3,*c1ccsc1,low2
R3,*C#N,low2
R3,*C(F)(F)F,low2
R3,*CC#N,low2
R3,*CC(=O)O,low2
R3,*NC(C)=O,low2
R3,*OC(C)=O,low2
R4,*CCOC(C)=O,low2
R4,*CCCO,low2
R4,*CN,low2
R4,*CC(C)CO,low2
R4,*CCNCO,low2
R4,*CC(=O)OC,low2
R4,*CC(N)=O,low2
R4,*NCCO,low2
R4,*CC(C)O,low2
R4,*OCCO,low2
R4,*CCNO,low2
R4,*CCSO,low2
R4,*NCC,low2
R1,*CCOCCNC(=O)C=C,middle2to4
R1,*CCCCCCNC(=O)C(F)(F)F,middle2to4
R1,*CCCNC(=O)C(F)(F)F,middle2to4
R1,*CCNC(=O)OC,middle2to4
R1,*C1CCCCC1C(=O)O,middle2to4
R1,*CCNC(=O)C(F)(F)F,middle2to4
R1,*c1c(C(=O)O)cccc1C(=O)O,middle2to4
R1,*CCOCCN,middle2to4
R1,*CCNC(=O)C=C,middle2to4
R1,*CCCCCCO,middle2to4
R1,*C1CCCCC1C(=O)OCC,middle2to4
R1,*c1c(C(=O)O)cccc1[N+](=O)[O-],middle2to4
R1,*CCCOC(=O)C(=C)C,middle2to4
R1,*CCOC(=O)C(=C)C,middle2to4
R1,*C1CCCCC1C(=O)OC,middle2to4
R1,*c1ccc([N+](=O)[O-])cc1C(=O)O,middle2to4
R1,*CC(C)(C)C,middle2to4
R1,*CCOC(=O)CC=C,middle2to4
R1,*C(C)(C)C,middle2to4
R2,*CC,middle2to4
R2,*CCC,middle2to4
R2,*C(C)(C)C,middle2to4
R2,*CC(C)(C)C,middle2to4
R2,*C,middle2to4
R2,*c1ccccc1,middle2to4
R2,*C(C)C,middle2to4
R2,*c1cccc(C)c1,middle2to4
R2,*c1ccc(C)cc1,middle2to4
R2,*CCCC=C,middle2to4
R2,*c1ccc(OC)cc1,middle2to4
R2,*c1cccc(OC)c1,middle2to4
R2,*c1cccc(F)c1,middle2to4
R2,*Cc1ccccc1,middle2to4
R2,*c1cccc(C(C)=O)c1,middle2to4
R2,*c1ccc(C(=O)O)cc1,middle2to4
R2,*CCOC(=O)CC=C,middle2to4
R2,*c1ccc(Cl)cc1,middle2to4
R2,*CCCOC(=O)C(=C)C,middle2to4
R2,*C1CCCCC1C(=O)OC,middle2to4
R2,*c1ccccc1Cl,middle2to4
R2,*c1ccccc1C(=O)OC,middle2to4
R2,*c1cccc([N+](=O)[O-])c1,middle2to4
R2,*c1ccc([N+](=O)[O-])cc1,middle2to4
R2,*c1c(C)cccc1C(=O)O,middle2to4
R3,*OCC,middle2to4
R3,*OC,middle2to4
R3,*c1ccc(OC)cc1,middle2to4
R3,*c1ccc(O)cc1,middle2to4
R3,*c1ccc(OCCOCCOCCOCCO)cc1,middle2to4
R3,*OCCOC,middle2to4
R3,*c1ccc2c(c1)CC(=O)N2O,middle2to4
R3,*c1ccc(OCCOCCOCCO)cc1,middle2to4
R3,*c1c(OC)cc(OC)cc1OC,middle2to4
R3,*c1ccc(OC)cc1OC,middle2to4
R3,*c1cc(OC)c(OC)c(OC)c1,middle2to4
R3,*c1ccc(C)cc1,middle2to4
R3,*c1ccc(N)cc1,middle2to4
R3,*c1ccc(N(C)C)cc1,middle2to4
R3,*c1cccc(OC)c1,middle2to4
R3,*c1ccccc1,middle2to4
R3,*C=CC,middle2to4
R3,*COCC,middle2to4
R3,*CCCOC,middle2to4
R3,*COC,middle2to4
R3,*COc1ccccc1,middle2to4
R3,*c1ccccc1O,middle2to4
R3,*c1ccco1,middle2to4
R3,*c1ccc(OC)c2ccccc12,middle2to4
R3,*c1cccc(C)c1,middle2to4
R4,*C1CC1,middle2to4
R4,*C,middle2to4
R4,*c1ccc(C)cc1,middle2to4
R4,*CC,middle2to4
R4,*C(C)C,middle2to4
R4,*CSC,middle2to4
R4,*CCCOC,middle2to4
R4,*CCC,middle2to4
R4,*CCCSC,middle2to4
R4,*CCl,middle2to4
R4,*C(C)(C)C,middle2to4
R4,*CC(C)C,middle2to4
R4,*c1ccc(OC)cc1,middle2to4
R4,*c1ccc(Cl)cc1,middle2to4
R4,*CCCC,middle2to4
R4,*COCC,middle2to4
R4,*c1cccc(C)c1,middle2to4
R4,*C=CC,middle2to4
R4,*CBr,middle2to4
R4,*OCC,middle2to4
R4,*CCc1ccccc1,middle2to4
R4,*C=Cc1ccccc1,middle2to4
R4,*Cc1ccccc1,middle2to4
R4,*C(CC)CC,middle2to4
R4,*c1ccc(OC)c2ccccc12,middle2to4
R1,*CCOCO,middle2to4
R1,*CCNC(C)=O,middle2to4
R1,*CCOC(C)=O,middle2to4
R1,*CCOCC,middle2to4
R1,*CCOCN,middle2to4
R1,*CCOCF,middle2to4
R1,*CC(=O)OC,middle2to4
R1,*CCCO,middle2to4
R1,*CCNO,middle2to4
R2,*NCC,middle2to4
R2,*CSCC,middle2to4
R2,*SCC,middle2to4
R2,*NCCC,middle2to4
R2,*CN,middle2to4
R2,*CF,middle2to4
R3,*OCOC,middle2to4
R3,*OC(=O)CC,middle2to4
R3,*OCCO,middle2to4
R3,*OCCN,middle2to4
R3,*OCCBr,middle2to4
R3,*OC(C)=O,middle2to4
R3,*c1ccc(COC)cc1,middle2to4
R3,*CCNCC,middle2to4
R3,*CCSCC,middle2to4
R3,*NCCOC,middle2to4
R3,*c1ccc(CC)cc1,middle2to4
R3,*c1ccc(S)cc1,middle2to4
R4,*C1CCCCC1,middle2to4
R4,*C1CCOCC1,middle2to4
R4,*C1CCNCC1,middle2to4
R4,*C1CCOC1,middle2to4
R4,*SC,middle2to4
R4,*c1ccc(CN)cc1,middle2to4
R4,*c1ccc(CF)cc1,middle2to4
R4,*c1ccc(C#N)cc1,middle2to4
R4,*c1ccncc1,middle2to4
R4,*CCN1CCOCC1,middle2to4
R4,*C#N,middle2to4
R4,*C(F)(F)F,middle2to4
R4,*c1ccoc1,middle2to4
R1,*c1c(C(=O)O)cccc1C(=O)O,high4
R1,*CCOCCNC(=O)C=C,high4
R1,*C1CCCCC1C(=O)O,high4
R1,*CCOCCN,high4
R1,*CC(C)(C)C,high4
R1,*CCNC(=O)C=C,high4
R1,*C(C)C,high4
R1,*C(C)(C)C,high4
R1,*CCC,high4
R1,*CCNC(=O)OC,high4
R1,*CCCCCCO,high4
R1,*CC,high4
R1,*CCOC,high4
R1,*CCCC=C,high4
R1,*CCCCCCNC(=O)C(F)(F)F,high4
R1,*CCF,high4
R1,*C,high4
R1,*C1CCCCC1C(=O)OCC,high4
R1,*CCCl,high4
R2,*C,high4
R2,*CC,high4
R2,*CCC,high4
R2,*C(C)C,high4
R2,*C(C)(C)C,high4
R2,*c1ccccc1,high4
R2,*CC(C)(C)C,high4
R2,*c1ccc(C)cc1,high4
R2,*c1cccc(C)c1,high4
R2,*c1ccc(OC)cc1,high4
R2,*CCCC=C,high4
R2,*c1cccc(OC)c1,high4
R2,*C1CCCCC1C(=O)OC,high4
R3,*c1ccc(OC)cc1,high4
R3,*c1ccc(O)cc1,high4
R3,*c1ccc(N(C)C)cc1,high4
R3,*OCC,high4
R3,*c1ccc(C)cc1,high4
R3,*OC,high4
R3,*c1c(OC)cc(OC)cc1OC,high4
R3,*c1ccccc1,high4
R3,*c1ccc(OC)cc1OC,high4
R3,*c1ccc(OC)c2ccccc12,high4
R3,*C=CC,high4
R4,*CCCCC,high4
R4,*CC(C)(C)C,high4
R4,*C(CC)CC,high4
R4,*CCCC,high4
R4,*C(C)(C)C,high4
R4,*CC(C)C,high4
R4,*CCC,high4
R4,*C1CC1,high4
R4,*CCCSC,high4
R4,*CCCCCCCCCC,high4
R4,*C(C)C,high4
R4,*CC,high4
R1,*CCCCO,high4
R1,*CCOCC,high4
R1,*C1CCCCC1,high4
R1,*CCCO,high4
R1,*OCCC,high4
R1,*CCCN,high4
R1,*CCCCCC,high4
R1,*CCNC(C)=O,high4
R1,*CCO,high4
R1,*CCBr,high4
R1,*C(F)(F)F,high4
R1,*OC(=O)CC,high4
R1,*CC(=O)OC,high4
R2,*CN,high4
R2,*CO,high4
R2,*CF,high4
R2,*CNC,high4
R2,*NCC,high4
R2,*SCC,high4
R2,*CCBr,high4
R2,*CCN,high4
R2,*CCCCCC,high4
R2,*CCO,high4
R3,*OCCC,high4
R3,*OCOC,high4
R3,*CON,high4
R3,*CC(C)COC,high4
R3,*CCOCC,high4
R3,*OCCO,high4
R3,*C(C)COC,high4
R3,*COC(C)=O,high4
R3,*CC(=O)OC,high4
R3,*OC(=O)CC,high4
R3,*c1ccncc1,high4
R3,*c1ccoc1,high4
R3,*c1ccsc1,high4
R3,*OC(C)C,high4
R3,*c1ccccn1,high4
R4,*CCCCO,high4
R4,*CCCO,high4
R4,*CCCN,high4
R4,*CCCBr,high4
R4,*CCCCl,high4
R4,*CC(C)CF,high4
R4,*CC(C)CO,high4
R4,*CC(C)CN,high4
R4,*CC(C)CCl,high4
R4,*CC(C)COC,high4
R4,*C(F)(F)F,high4
R4,*C(C)CO,high4
R4,*C(C)COC,high4
R4,*CCCCCC,high4
R4,*CCBr,high4
R4,*CCO,high4
R4,*CCN,high4
R4,*C1CCCCC1,high4
R4,*OCCC,high4
R4,*C1CCOCC1,high4
R4,*C1CCNCC1,high4
R4,*CCOCC,high4
R1,*c1c(C(=O)O)cccc1C(=O)O,experiment
R1,*CCOCCNC(=O)C=C,experiment
R1,*CCCNC(=O)C(F)(F)F,experiment
R1,*CCCCCCNC(=O)C(F)(F)F,experiment
R1,*CCNC(=O)C(F)(F)F,experiment
R1,*C1CCCCC1C(=O)O,experiment
R1,*CCCCCCO,experiment
R1,*CCNC(=O)C=C,experiment
R1,*CCNC(=O)OC,experiment
R1,*c1c(C(=O)O)cccc1[N+](=O)[O-],experiment
R1,*C1CCCCC1C(=O)OCC,experiment
R1,*CCOCCN,experiment
R1,*c1ccc([N+](=O)[O-])cc1C(=O)O,experiment
R1,*c1ccccc1C(=O)O,experiment
R1,*c1ccc(C(=O)O)cc1,experiment
R1,*c1c(C)cccc1C(=O)O,experiment
R1,*CC(C)(C)C,experiment
R1,*CCCOC(=O)C(=C)C,experiment
R1,*CCN1C(=O)c2ccccc2C1=O,experiment
R1,*CCOC(=O)C(=C)C,experiment
R1,*C1CCCCC1C(=O)OC,experiment
R1,*C(C)(C)C,experiment
R1,*c1c(C(=O)OC)cccc1C(=O)OC,experiment
R1,*CC(Cl)(Cl)Cl,experiment
R1,*CCCl,experiment
R1,*C(C)C,experiment
R1,*CCOC,experiment
R1,*CCCC=C,experiment
R1,*CCC,experiment
R1,*CCF,experiment
R1,*CCOC(=O)CC=C,experiment
R1,*CC(F)(F)F,experiment
R1,*CCOC(=O)C=C,experiment
R1,*c1cccc(OC)c1,experiment
R1,*c1ccc(OC)cc1,experiment
R1,*CC,experiment
R1,*c1ccccc1,experiment
R1,*c1cccc(C)c1,experiment
R1,*c1c(C(=O)OC)cccc1[N+](=O)[O-],experiment
R1,*c1ccc(C)cc1,experiment
R2,*CC,experiment
R2,*C,experiment
R2,*CCC,experiment
R2,*C(C)C,experiment
R2,*C(C)(C)C,experiment
R2,*CCOC,experiment
R2,*CC(C)(C)C,experiment
R2,*c1ccccc1,experiment
R2,*CCCC=C,experiment
R2,*CCF,experiment
R2,*CCCl,experiment
R2,*CCOCCN,experiment
R2,*CCNC(=O)C=C,experiment
R2,*Cc1ccccc1,experiment
R2,*CCOC(=O)C=C,experiment
R2,*c1ccc(C)cc1,experiment
R2,*c1cccc(C)c1,experiment
R2,*CCOC(=O)C(=C)C,experiment
R2,*CCCCCCO,experiment
R2,*c1ccc(OC)cc1,experiment
R2,*c1cccc(OC)c1,experiment
R2,*CCOCCNC(=O)C=C,experiment
R2,*CCNC(=O)OC,experiment
R2,*CCCOC(=O)C(=C)C,experiment
R2,*c1cccc(F)c1,experiment
R2,*c1ccccc1C(=O)O,experiment
R2,*C1CCCCC1C(=O)O,experiment
R2,*CCOC(=O)CC=C,experiment
R2,*CC(F)(F)F,experiment
R2,*c1ccc(C(=O)O)cc1,experiment
R2,*c1cccc(C(C)=O)c1,experiment
R2,*c1ccccc1C(=O)OC,experiment
R2,*C1CCCCC1C(=O)OCC,experiment
R2,*C1CCCCC1C(=O)OC,experiment
R2,*c1ccc(Cl)cc1,experiment
R3,*OCC,experiment
R3,*OC,experiment
R3,*c1ccc(OC)cc1,experiment
R3,*c1ccc(O)cc1,experiment
R3,*c1ccc(C)cc1,experiment
R3,*c1ccccc1,experiment
R3,*c1ccc(N(C)C)cc1,experiment
R3,*c1ccc(F)cc1,experiment
R3,*c1ccc(Cl)cc1,experiment
R3,*c1ccc(OCCOCCOCCOCCO)cc1,experiment
R3,*c1c(OC)cc(OC)cc1OC,experiment
R3,*c1ccc(OC)cc1OC,experiment
R3,*c1ccc2c(c1)CC(=O)N2O,experiment
R3,*c1ccc(OCCOCCOCCO)cc1,experiment
R3,*c1ccc(N)cc1,experiment
R3,*C=CC,experiment
R3,*c1cccc(OC)c1,experiment
R3,*c1cc(OC)c(OC)c(OC)c1,experiment
R3,*C1CC1,experiment
R3,*c1ccc(OC)c2ccccc12,experiment
R3,*OCCOC,experiment
R3,*CCCOC,experiment
R3,*COc1ccccc1,experiment
R3,*COCC,experiment
R3,*c1cccc(C)c1,experiment
R3,*C=Cc1ccccc1,experiment
R3,*c1ccccc1O,experiment
R3,*C(C)(C)C,experiment
R3,*CC(C)C,experiment
R3,*COC,experiment
R3,*C(CC)CC,experiment
R3,*CCC,experiment
R3,*CC(C)(C)C,experiment
R3,*Cc1ccccc1,experiment
R3,*C(C)C,experiment
R4,*C1CC1,experiment
R4,*CC(C)(C)C,experiment
R4,*CCCCC,experiment
R4,*C(CC)CC,experiment
R4,*C,experiment
R4,*CCCC,experiment
R4,*C(C)(C)C,experiment
R4,*CC(C)C,experiment
R4,*CCC,experiment
R4,*CCCSC,experiment
R4,*C(C)C,experiment
R4,*CC,experiment
R4,*CCCCCCCCCC,experiment
R4,*CSC,experiment
R4,*c1ccc(C)cc1,experiment
R4,*CCl,experiment
R4,*CCCOC,experiment
R4,*c1ccc(OC)cc1,experiment
R4,*c1ccc(Cl)cc1,experiment
R4,*CBr,experiment
R4,*COCC,experiment
R4,*c1ccccc1,experiment
R4,*OCC,experiment
R4,*c1ccc(F)cc1,experiment
R4,*CCc1ccccc1,experiment
R4,*c1cccc(C)c1,experiment
